mobile_wt,ram_gb,fc,pc,num_rear_cameras,battery_power,screen_size,launched_year,price_range,brand_Apple,brand_Google,brand_Honor,brand_Huawei,brand_Infinix,brand_Lenovo,brand_Motorola,brand_Nokia,brand_OnePlus,brand_Oppo,brand_POCO,brand_Realme,brand_Samsung,brand_Sony,brand_Tecno,brand_Vivo,brand_Xiaomi
174.0,6.0,12.0,48.0,1,3600.0,6.1,2024,2,1,0,0,0,0,0,0,0,0,0,0,0,0,0,0,0,0
174.0,6.0,12.0,48.0,1,3600.0,6.1,2024,2,1,0,0,0,0,0,0,0,0,0,0,0,0,0,0,0,0
174.0,6.0,12.0,48.0,1,3600.0,6.1,2024,2,1,0,0,0,0,0,0,0,0,0,0,0,0,0,0,0,0
203.0,6.0,12.0,48.0,1,4200.0,6.7,2024,2,1,0,0,0,0,0,0,0,0,0,0,0,0,0,0,0,0
203.0,6.0,12.0,48.0,1,4200.0,6.7,2024,3,1,0,0,0,0,0,0,0,0,0,0,0,0,0,0,0,0
203.0,6.0,12.0,48.0,1,4200.0,6.7,2024,3,1,0,0,0,0,0,0,0,0,0,0,0,0,0,0,0,0
206.0,6.0,12.0,50.0,2,4400.0,6.1,2024,3,1,0,0,0,0,0,0,0,0,0,0,0,0,0,0,0,0
206.0,8.0,12.0,50.0,2,4400.0,6.1,2024,3,1,0,0,0,0,0,0,0,0,0,0,0,0,0,0,0,0
206.0,8.0,12.0,50.0,2,4400.0,6.1,2024,3,1,0,0,0,0,0,0,0,0,0,0,0,0,0,0,0,0
221.0,6.0,12.0,48.0,2,4500.0,6.7,2024,3,1,0,0,0,0,0,0,0,0,0,0,0,0,0,0,0,0
221.0,8.0,12.0,48.0,2,4500.0,6.7,2024,3,1,0,0,0,0,0,0,0,0,0,0,0,0,0,0,0,0
221.0,8.0,12.0,48.0,2,4500.0,6.7,2024,3,1,0,0,0,0,0,0,0,0,0,0,0,0,0,0,0,0
171.0,6.0,12.0,48.0,1,3200.0,6.1,2023,2,1,0,0,0,0,0,0,0,0,0,0,0,0,0,0,0,0
171.0,6.0,12.0,48.0,1,3200.0,6.1,2023,2,1,0,0,0,0,0,0,0,0,0,0,0,0,0,0,0,0
171.0,6.0,12.0,48.0,1,3200.0,6.1,2023,3,1,0,0,0,0,0,0,0,0,0,0,0,0,0,0,0,0
203.0,6.0,12.0,48.0,1,4300.0,6.7,2023,2,1,0,0,0,0,0,0,0,0,0,0,0,0,0,0,0,0
203.0,6.0,12.0,48.0,1,4300.0,6.7,2023,3,1,0,0,0,0,0,0,0,0,0,0,0,0,0,0,0,0
203.0,6.0,12.0,48.0,1,4300.0,6.7,2023,3,1,0,0,0,0,0,0,0,0,0,0,0,0,0,0,0,0
206.0,6.0,12.0,48.0,2,4400.0,6.1,2023,3,1,0,0,0,0,0,0,0,0,0,0,0,0,0,0,0,0
206.0,8.0,12.0,48.0,2,4400.0,6.1,2023,3,1,0,0,0,0,0,0,0,0,0,0,0,0,0,0,0,0
206.0,8.0,12.0,48.0,2,4400.0,6.1,2023,3,1,0,0,0,0,0,0,0,0,0,0,0,0,0,0,0,0
221.0,6.0,12.0,48.0,2,4500.0,6.7,2023,3,1,0,0,0,0,0,0,0,0,0,0,0,0,0,0,0,0
221.0,8.0,12.0,48.0,2,4500.0,6.7,2023,3,1,0,0,0,0,0,0,0,0,0,0,0,0,0,0,0,0
221.0,8.0,12.0,48.0,2,4500.0,6.7,2023,3,1,0,0,0,0,0,0,0,0,0,0,0,0,0,0,0,0
172.0,6.0,12.0,12.0,2,3200.0,6.1,2022,2,1,0,0,0,0,0,0,0,0,0,0,0,0,0,0,0,0
172.0,6.0,12.0,12.0,2,3200.0,6.1,2022,2,1,0,0,0,0,0,0,0,0,0,0,0,0,0,0,0,0
172.0,6.0,12.0,12.0,2,3200.0,6.1,2022,3,1,0,0,0,0,0,0,0,0,0,0,0,0,0,0,0,0
203.0,6.0,12.0,12.0,2,4325.0,6.7,2022,2,1,0,0,0,0,0,0,0,0,0,0,0,0,0,0,0,0
203.0,6.0,12.0,12.0,2,4325.0,6.7,2022,3,1,0,0,0,0,0,0,0,0,0,0,0,0,0,0,0,0
203.0,6.0,12.0,12.0,2,4325.0,6.7,2022,3,1,0,0,0,0,0,0,0,0,0,0,0,0,0,0,0,0
206.0,6.0,12.0,48.0,2,4200.0,6.1,2022,3,1,0,0,0,0,0,0,0,0,0,0,0,0,0,0,0,0
206.0,8.0,12.0,48.0,2,4200.0,6.1,2022,3,1,0,0,0,0,0,0,0,0,0,0,0,0,0,0,0,0
206.0,8.0,12.0,48.0,2,4200.0,6.1,2022,3,1,0,0,0,0,0,0,0,0,0,0,0,0,0,0,0,0
221.0,6.0,12.0,48.0,2,4500.0,6.7,2022,3,1,0,0,0,0,0,0,0,0,0,0,0,0,0,0,0,0
221.0,8.0,12.0,48.0,2,4500.0,6.7,2022,3,1,0,0,0,0,0,0,0,0,0,0,0,0,0,0,0,0
221.0,8.0,12.0,48.0,2,4500.0,6.7,2022,3,1,0,0,0,0,0,0,0,0,0,0,0,0,0,0,0,0
140.0,4.0,12.0,12.0,1,2438.0,5.4,2021,2,1,0,0,0,0,0,0,0,0,0,0,0,0,0,0,0,0
140.0,4.0,12.0,12.0,1,2438.0,5.4,2021,2,1,0,0,0,0,0,0,0,0,0,0,0,0,0,0,0,0
140.0,4.0,12.0,12.0,1,2438.0,5.4,2021,2,1,0,0,0,0,0,0,0,0,0,0,0,0,0,0,0,0
174.0,4.0,12.0,12.0,2,3240.0,6.1,2021,2,1,0,0,0,0,0,0,0,0,0,0,0,0,0,0,0,0
174.0,4.0,12.0,12.0,2,3240.0,6.1,2021,2,1,0,0,0,0,0,0,0,0,0,0,0,0,0,0,0,0
174.0,4.0,12.0,12.0,2,3240.0,6.1,2021,3,1,0,0,0,0,0,0,0,0,0,0,0,0,0,0,0,0
204.0,6.0,12.0,12.0,3,3095.0,6.1,2021,3,1,0,0,0,0,0,0,0,0,0,0,0,0,0,0,0,0
204.0,6.0,12.0,12.0,3,3095.0,6.1,2021,3,1,0,0,0,0,0,0,0,0,0,0,0,0,0,0,0,0
204.0,6.0,12.0,12.0,3,3095.0,6.1,2021,3,1,0,0,0,0,0,0,0,0,0,0,0,0,0,0,0,0
238.0,6.0,12.0,12.0,3,4352.0,6.7,2021,3,1,0,0,0,0,0,0,0,0,0,0,0,0,0,0,0,0
238.0,6.0,12.0,12.0,3,4352.0,6.7,2021,3,1,0,0,0,0,0,0,0,0,0,0,0,0,0,0,0,0
238.0,6.0,12.0,12.0,3,4352.0,6.7,2021,3,1,0,0,0,0,0,0,0,0,0,0,0,0,0,0,0,0
135.0,4.0,12.0,12.0,1,2227.0,5.4,2020,2,1,0,0,0,0,0,0,0,0,0,0,0,0,0,0,0,0
135.0,4.0,12.0,12.0,1,2227.0,5.4,2020,2,1,0,0,0,0,0,0,0,0,0,0,0,0,0,0,0,0
135.0,4.0,12.0,12.0,1,2227.0,5.4,2020,2,1,0,0,0,0,0,0,0,0,0,0,0,0,0,0,0,0
164.0,4.0,12.0,12.0,2,2815.0,6.1,2020,2,1,0,0,0,0,0,0,0,0,0,0,0,0,0,0,0,0
164.0,4.0,12.0,12.0,2,2815.0,6.1,2020,2,1,0,0,0,0,0,0,0,0,0,0,0,0,0,0,0,0
164.0,4.0,12.0,12.0,2,2815.0,6.1,2020,3,1,0,0,0,0,0,0,0,0,0,0,0,0,0,0,0,0
189.0,6.0,12.0,12.0,3,2815.0,6.1,2020,3,1,0,0,0,0,0,0,0,0,0,0,0,0,0,0,0,0
189.0,6.0,12.0,12.0,3,2815.0,6.1,2020,3,1,0,0,0,0,0,0,0,0,0,0,0,0,0,0,0,0
189.0,6.0,12.0,12.0,3,2815.0,6.1,2020,3,1,0,0,0,0,0,0,0,0,0,0,0,0,0,0,0,0
228.0,6.0,12.0,12.0,3,3687.0,6.7,2020,3,1,0,0,0,0,0,0,0,0,0,0,0,0,0,0,0,0
228.0,6.0,12.0,12.0,3,3687.0,6.7,2020,3,1,0,0,0,0,0,0,0,0,0,0,0,0,0,0,0,0
228.0,6.0,12.0,12.0,3,3687.0,6.7,2020,3,1,0,0,0,0,0,0,0,0,0,0,0,0,0,0,0,0
194.0,4.0,12.0,12.0,2,3110.0,6.1,2019,2,1,0,0,0,0,0,0,0,0,0,0,0,0,0,0,0,0
194.0,4.0,12.0,12.0,2,3110.0,6.1,2019,2,1,0,0,0,0,0,0,0,0,0,0,0,0,0,0,0,0
194.0,4.0,12.0,12.0,2,3110.0,6.1,2019,2,1,0,0,0,0,0,0,0,0,0,0,0,0,0,0,0,0
188.0,4.0,12.0,12.0,3,3046.0,5.8,2019,3,1,0,0,0,0,0,0,0,0,0,0,0,0,0,0,0,0
188.0,4.0,12.0,12.0,3,3046.0,5.8,2019,3,1,0,0,0,0,0,0,0,0,0,0,0,0,0,0,0,0
188.0,4.0,12.0,12.0,3,3046.0,5.8,2019,3,1,0,0,0,0,0,0,0,0,0,0,0,0,0,0,0,0
226.0,4.0,12.0,12.0,3,3969.0,6.5,2019,3,1,0,0,0,0,0,0,0,0,0,0,0,0,0,0,0,0
226.0,4.0,12.0,12.0,3,3969.0,6.5,2019,3,1,0,0,0,0,0,0,0,0,0,0,0,0,0,0,0,0
226.0,4.0,12.0,12.0,3,3969.0,6.5,2019,3,1,0,0,0,0,0,0,0,0,0,0,0,0,0,0,0,0
174.0,3.0,7.0,12.0,2,2716.0,5.8,2017,3,1,0,0,0,0,0,0,0,0,0,0,0,0,0,0,0,0
174.0,3.0,7.0,12.0,2,2716.0,5.8,2017,3,1,0,0,0,0,0,0,0,0,0,0,0,0,0,0,0,0
177.0,4.0,7.0,12.0,2,2658.0,5.8,2018,3,1,0,0,0,0,0,0,0,0,0,0,0,0,0,0,0,0
177.0,4.0,7.0,12.0,2,2658.0,5.8,2018,3,1,0,0,0,0,0,0,0,0,0,0,0,0,0,0,0,0
177.0,4.0,7.0,12.0,2,2658.0,5.8,2018,3,1,0,0,0,0,0,0,0,0,0,0,0,0,0,0,0,0
208.0,4.0,7.0,12.0,2,3174.0,6.5,2018,3,1,0,0,0,0,0,0,0,0,0,0,0,0,0,0,0,0
208.0,4.0,7.0,12.0,2,3174.0,6.5,2018,3,1,0,0,0,0,0,0,0,0,0,0,0,0,0,0,0,0
208.0,4.0,7.0,12.0,2,3174.0,6.5,2018,3,1,0,0,0,0,0,0,0,0,0,0,0,0,0,0,0,0
194.0,3.0,7.0,12.0,2,2942.0,6.1,2018,2,1,0,0,0,0,0,0,0,0,0,0,0,0,0,0,0,0
194.0,3.0,7.0,12.0,2,2942.0,6.1,2018,2,1,0,0,0,0,0,0,0,0,0,0,0,0,0,0,0,0
194.0,3.0,7.0,12.0,2,2942.0,6.1,2018,2,1,0,0,0,0,0,0,0,0,0,0,0,0,0,0,0,0
234.0,12.0,12.0,200.0,2,5000.0,6.8,2024,3,0,0,0,0,0,0,0,0,0,0,0,0,1,0,0,0,0
234.0,12.0,12.0,200.0,2,5000.0,6.8,2024,3,0,0,0,0,0,0,0,0,0,0,0,0,1,0,0,0,0
196.0,8.0,12.0,50.0,2,4800.0,6.6,2024,2,0,0,0,0,0,0,0,0,0,0,0,0,1,0,0,0,0
196.0,8.0,12.0,50.0,2,4800.0,6.6,2024,3,0,0,0,0,0,0,0,0,0,0,0,0,1,0,0,0,0
168.0,8.0,12.0,50.0,2,4000.0,6.1,2024,2,0,0,0,0,0,0,0,0,0,0,0,0,1,0,0,0,0
168.0,8.0,12.0,50.0,2,4000.0,6.1,2024,2,0,0,0,0,0,0,0,0,0,0,0,0,1,0,0,0,0
228.0,12.0,12.0,200.0,2,5000.0,6.8,2023,3,0,0,0,0,0,0,0,0,0,0,0,0,1,0,0,0,0
228.0,12.0,12.0,200.0,2,5000.0,6.8,2023,3,0,0,0,0,0,0,0,0,0,0,0,0,1,0,0,0,0
196.0,8.0,12.0,50.0,2,4700.0,6.6,2023,2,0,0,0,0,0,0,0,0,0,0,0,0,1,0,0,0,0
196.0,8.0,12.0,50.0,2,4700.0,6.6,2023,3,0,0,0,0,0,0,0,0,0,0,0,0,1,0,0,0,0
168.0,8.0,12.0,50.0,2,3900.0,6.1,2023,2,0,0,0,0,0,0,0,0,0,0,0,0,1,0,0,0,0
168.0,8.0,12.0,50.0,2,3900.0,6.1,2023,2,0,0,0,0,0,0,0,0,0,0,0,0,1,0,0,0,0
228.0,12.0,10.0,108.0,2,5000.0,6.8,2022,3,0,0,0,0,0,0,0,0,0,0,0,0,1,0,0,0,0
228.0,12.0,10.0,108.0,2,5000.0,6.8,2022,3,0,0,0,0,0,0,0,0,0,0,0,0,1,0,0,0,0
195.0,8.0,10.0,50.0,2,4500.0,6.6,2022,2,0,0,0,0,0,0,0,0,0,0,0,0,1,0,0,0,0
195.0,8.0,10.0,50.0,2,4500.0,6.6,2022,2,0,0,0,0,0,0,0,0,0,0,0,0,1,0,0,0,0
167.0,8.0,10.0,50.0,2,3800.0,6.1,2022,2,0,0,0,0,0,0,0,0,0,0,0,0,1,0,0,0,0
167.0,8.0,10.0,50.0,2,3800.0,6.1,2022,2,0,0,0,0,0,0,0,0,0,0,0,0,1,0,0,0,0
254.0,12.0,10.0,50.0,2,4400.0,7.6,2023,3,0,0,0,0,0,0,0,0,0,0,0,0,1,0,0,0,0
254.0,12.0,10.0,50.0,2,4400.0,7.6,2023,3,0,0,0,0,0,0,0,0,0,0,0,0,1,0,0,0,0
187.0,8.0,12.0,12.0,2,3700.0,6.7,2023,3,0,0,0,0,0,0,0,0,0,0,0,0,1,0,0,0,0
187.0,8.0,12.0,12.0,2,3700.0,6.7,2023,3,0,0,0,0,0,0,0,0,0,0,0,0,1,0,0,0,0
263.0,12.0,10.0,50.0,2,4400.0,7.6,2022,3,0,0,0,0,0,0,0,0,0,0,0,0,1,0,0,0,0
263.0,12.0,10.0,50.0,2,4400.0,7.6,2022,3,0,0,0,0,0,0,0,0,0,0,0,0,1,0,0,0,0
187.0,8.0,10.0,12.0,2,3700.0,6.7,2022,3,0,0,0,0,0,0,0,0,0,0,0,0,1,0,0,0,0
187.0,8.0,10.0,12.0,2,3700.0,6.7,2022,3,0,0,0,0,0,0,0,0,0,0,0,0,1,0,0,0,0
189.0,6.0,32.0,50.0,2,5000.0,6.4,2023,1,0,0,0,0,0,0,0,0,0,0,0,0,1,0,0,0,0
189.0,6.0,32.0,50.0,2,5000.0,6.4,2023,1,0,0,0,0,0,0,0,0,0,0,0,0,1,0,0,0,0
199.0,6.0,13.0,48.0,2,5000.0,6.6,2023,1,0,0,0,0,0,0,0,0,0,0,0,0,1,0,0,0,0
199.0,6.0,13.0,48.0,2,5000.0,6.6,2023,1,0,0,0,0,0,0,0,0,0,0,0,0,1,0,0,0,0
195.0,6.0,13.0,50.0,2,5000.0,6.5,2023,1,0,0,0,0,0,0,0,0,0,0,0,0,1,0,0,0,0
195.0,6.0,13.0,50.0,2,5000.0,6.5,2023,1,0,0,0,0,0,0,0,0,0,0,0,0,1,0,0,0,0
190.0,4.0,13.0,50.0,2,5000.0,6.6,2023,0,0,0,0,0,0,0,0,0,0,0,0,0,1,0,0,0,0
190.0,4.0,13.0,50.0,2,5000.0,6.6,2023,1,0,0,0,0,0,0,0,0,0,0,0,0,1,0,0,0,0
188.0,4.0,5.0,50.0,2,5000.0,6.5,2022,0,0,0,0,0,0,0,0,0,0,0,0,0,1,0,0,0,0
188.0,4.0,5.0,50.0,2,5000.0,6.5,2022,0,0,0,0,0,0,0,0,0,0,0,0,0,1,0,0,0,0
202.0,8.0,32.0,108.0,2,6000.0,6.7,2023,1,0,0,0,0,0,0,0,0,0,0,0,0,1,0,0,0,0
202.0,8.0,32.0,108.0,2,6000.0,6.7,2023,1,0,0,0,0,0,0,0,0,0,0,0,0,1,0,0,0,0
199.0,6.0,13.0,50.0,2,6000.0,6.5,2023,1,0,0,0,0,0,0,0,0,0,0,0,0,1,0,0,0,0
199.0,6.0,13.0,50.0,2,6000.0,6.5,2023,1,0,0,0,0,0,0,0,0,0,0,0,0,1,0,0,0,0
202.0,4.0,13.0,50.0,2,6000.0,6.6,2023,0,0,0,0,0,0,0,0,0,0,0,0,0,1,0,0,0,0
202.0,4.0,13.0,50.0,2,6000.0,6.6,2023,1,0,0,0,0,0,0,0,0,0,0,0,0,1,0,0,0,0
188.0,4.0,5.0,13.0,2,5000.0,6.5,2022,0,0,0,0,0,0,0,0,0,0,0,0,0,1,0,0,0,0
188.0,4.0,5.0,13.0,2,5000.0,6.5,2022,0,0,0,0,0,0,0,0,0,0,0,0,0,1,0,0,0,0
199.0,8.0,32.0,108.0,2,6000.0,6.7,2023,1,0,0,0,0,0,0,0,0,0,0,0,0,1,0,0,0,0
199.0,8.0,32.0,108.0,2,6000.0,6.7,2023,1,0,0,0,0,0,0,0,0,0,0,0,0,1,0,0,0,0
190.0,6.0,13.0,50.0,2,6000.0,6.5,2023,1,0,0,0,0,0,0,0,0,0,0,0,0,1,0,0,0,0
190.0,6.0,13.0,50.0,2,6000.0,6.5,2023,1,0,0,0,0,0,0,0,0,0,0,0,0,1,0,0,0,0
198.0,4.0,13.0,50.0,2,6000.0,6.6,2023,0,0,0,0,0,0,0,0,0,0,0,0,0,1,0,0,0,0
198.0,4.0,13.0,50.0,2,6000.0,6.6,2023,1,0,0,0,0,0,0,0,0,0,0,0,0,1,0,0,0,0
208.0,12.0,10.0,108.0,2,4500.0,6.9,2020,3,0,0,0,0,0,0,0,0,0,0,0,0,1,0,0,0,0
208.0,12.0,10.0,108.0,2,4500.0,6.9,2020,3,0,0,0,0,0,0,0,0,0,0,0,0,1,0,0,0,0
192.0,8.0,10.0,108.0,2,4300.0,6.7,2020,3,0,0,0,0,0,0,0,0,0,0,0,0,1,0,0,0,0
192.0,8.0,10.0,108.0,2,4300.0,6.7,2020,3,0,0,0,0,0,0,0,0,0,0,0,0,1,0,0,0,0
196.0,12.0,10.0,16.0,2,4300.0,6.8,2019,3,0,0,0,0,0,0,0,0,0,0,0,0,1,0,0,0,0
196.0,12.0,10.0,16.0,2,4300.0,6.8,2019,3,0,0,0,0,0,0,0,0,0,0,0,0,1,0,0,0,0
168.0,8.0,10.0,16.0,2,3500.0,6.3,2019,3,0,0,0,0,0,0,0,0,0,0,0,0,1,0,0,0,0
168.0,8.0,10.0,16.0,2,3500.0,6.3,2019,2,0,0,0,0,0,0,0,0,0,0,0,0,1,0,0,0,0
235.0,6.0,13.0,50.0,1,4050.0,6.6,2022,2,0,0,0,0,0,0,0,0,0,0,0,0,1,0,0,0,0
172.0,4.0,5.0,16.0,1,3000.0,5.3,2020,0,0,0,0,0,0,0,0,0,0,0,0,0,1,0,0,0,0
191.0,4.0,16.0,16.0,2,3500.0,6.0,2018,0,0,0,0,0,0,0,0,0,0,0,0,0,1,0,0,0,0
181.0,3.0,13.0,13.0,1,3600.0,5.5,2017,0,0,0,0,0,0,0,0,0,0,0,0,0,1,0,0,0,0
178.0,4.0,8.0,13.0,2,3300.0,6.0,2018,0,0,0,0,0,0,0,0,0,0,0,0,0,1,0,0,0,0
175.0,2.0,5.0,13.0,1,3000.0,5.5,2018,0,0,0,0,0,0,0,0,0,0,0,0,0,1,0,0,0,0
189.0,6.0,16.0,16.0,2,4000.0,6.0,2016,1,0,0,0,0,0,0,0,0,0,0,0,0,1,0,0,0,0
165.0,4.0,16.0,16.0,1,3300.0,5.7,2017,1,0,0,0,0,0,0,0,0,0,0,0,0,1,0,0,0,0
143.0,4.0,8.0,16.0,1,2600.0,5.2,2016,0,0,0,0,0,0,0,0,0,0,0,0,0,1,0,0,0,0
228.0,12.0,10.0,108.0,2,4500.0,7.6,2021,3,0,0,0,0,0,0,0,0,0,0,0,0,1,0,0,0,0
229.0,12.0,10.0,108.0,2,4500.0,7.6,2020,3,0,0,0,0,0,0,0,0,0,0,0,0,1,0,0,0,0
205.0,12.0,32.0,50.0,2,5000.0,6.7,2024,2,0,0,0,0,0,0,0,0,1,0,0,0,0,0,0,0,0
203.0,12.0,16.0,50.0,2,4500.0,6.7,2024,2,0,0,0,0,0,0,0,0,1,0,0,0,0,0,0,0,0
205.0,12.0,16.0,50.0,2,5000.0,6.7,2023,2,0,0,0,0,0,0,0,0,1,0,0,0,0,0,0,0,0
202.0,12.0,16.0,50.0,2,5000.0,6.7,2023,2,0,0,0,0,0,0,0,0,1,0,0,0,0,0,0,0,0
190.0,12.0,16.0,50.0,2,5000.0,6.74,2023,2,0,0,0,0,0,0,0,0,1,0,0,0,0,0,0,0,0
179.0,8.0,16.0,50.0,2,5000.0,6.72,2023,1,0,0,0,0,0,0,0,0,1,0,0,0,0,0,0,0,0
195.0,8.0,16.0,108.0,1,5000.0,6.72,2023,1,0,0,0,0,0,0,0,0,1,0,0,0,0,0,0,0,0
192.0,8.0,16.0,64.0,2,5000.0,6.72,2023,0,0,0,0,0,0,0,0,0,1,0,0,0,0,0,0,0,0
238.0,16.0,32.0,48.0,2,4800.0,7.8,2024,3,0,0,0,0,0,0,0,0,1,0,0,0,0,0,0,0,0
200.0,12.0,32.0,50.0,2,5000.0,6.7,2022,2,0,0,0,0,0,0,0,0,1,0,0,0,0,0,0,0,0
203.0,12.0,16.0,50.0,2,4500.0,6.7,2022,2,0,0,0,0,0,0,0,0,1,0,0,0,0,0,0,0,0
192.0,12.0,16.0,50.0,2,4500.0,6.7,2021,2,0,0,0,0,0,0,0,0,1,0,0,0,0,0,0,0,0
183.0,8.0,16.0,50.0,2,4500.0,6.55,2021,2,0,0,0,0,0,0,0,0,1,0,0,0,0,0,0,0,0
204.0,16.0,32.0,50.0,2,5000.0,6.7,2023,2,0,0,0,0,0,0,0,0,1,0,0,0,0,0,0,0,0
190.0,8.0,32.0,50.0,2,4500.0,6.43,2022,1,0,0,0,0,0,0,0,0,1,0,0,0,0,0,0,0,0
190.0,8.0,32.0,50.0,2,4500.0,6.43,2021,1,0,0,0,0,0,0,0,0,1,0,0,0,0,0,0,0,0
189.0,4.0,16.0,13.0,2,5000.0,6.49,2021,0,0,0,0,0,0,0,0,0,1,0,0,0,0,0,0,0,0
185.0,4.0,8.0,13.0,2,5000.0,6.52,2020,0,0,0,0,0,0,0,0,0,1,0,0,0,0,0,0,0,0
188.0,12.0,16.0,48.0,2,4500.0,6.55,2020,2,0,0,0,0,0,0,0,0,1,0,0,0,0,0,0,0,0
192.0,8.0,16.0,50.0,2,4500.0,6.55,2021,2,0,0,0,0,0,0,0,0,1,0,0,0,0,0,0,0,0
188.0,12.0,16.0,48.0,2,4500.0,6.55,2020,2,0,0,0,0,0,0,0,0,1,0,0,0,0,0,0,0,0
189.0,8.0,16.0,48.0,2,4500.0,6.55,2021,2,0,0,0,0,0,0,0,0,1,0,0,0,0,0,0,0,0
199.0,12.0,16.0,48.0,2,4510.0,6.78,2020,2,0,0,0,0,0,0,0,0,1,0,0,0,0,0,0,0,0
180.0,8.0,16.0,48.0,2,4300.0,6.55,2020,2,0,0,0,0,0,0,0,0,1,0,0,0,0,0,0,0,0
195.0,6.0,16.0,64.0,2,5000.0,6.59,2022,0,0,0,0,0,0,0,0,0,1,0,0,0,0,0,0,0,0
173.0,8.0,16.0,64.0,2,4500.0,6.43,2022,1,0,0,0,0,0,0,0,0,1,0,0,0,0,0,0,0,0
184.0,6.0,16.0,48.0,2,4115.0,6.44,2020,1,0,0,0,0,0,0,0,0,1,0,0,0,0,0,0,0,0
170.0,6.0,16.0,64.0,2,4500.0,6.43,2021,1,0,0,0,0,0,0,0,0,1,0,0,0,0,0,0,0,0
189.0,8.0,32.0,50.0,2,4500.0,6.43,2021,1,0,0,0,0,0,0,0,0,1,0,0,0,0,0,0,0,0
190.0,6.0,16.0,64.0,2,4300.0,6.49,2020,1,0,0,0,0,0,0,0,0,1,0,0,0,0,0,0,0,0
192.0,8.0,16.0,48.0,2,4300.0,6.55,2020,2,0,0,0,0,0,0,0,0,1,0,0,0,0,0,0,0,0
190.0,6.0,16.0,48.0,2,3700.0,6.41,2020,2,0,0,0,0,0,0,0,0,1,0,0,0,0,0,0,0,0
185.0,10.0,16.0,20.0,2,3700.0,6.41,2018,2,0,0,0,0,0,0,0,0,1,0,0,0,0,0,0,0,0
162.0,6.0,16.0,20.0,2,3300.0,6.01,2017,2,0,0,0,0,0,0,0,0,1,0,0,0,0,0,0,0,0
210.0,8.0,16.0,50.0,2,4500.0,6.7,2023,2,0,0,0,0,0,0,0,0,1,0,0,0,0,0,0,0,0
202.0,12.0,32.0,50.0,2,5000.0,6.7,2023,2,0,0,0,0,0,0,0,0,1,0,0,0,0,0,0,0,0
205.0,8.0,16.0,50.0,2,4500.0,6.7,2022,2,0,0,0,0,0,0,0,0,1,0,0,0,0,0,0,0,0
206.0,12.0,16.0,48.0,2,4000.0,6.67,2019,2,0,0,0,0,0,0,0,0,1,0,0,0,0,0,0,0,0
177.0,6.0,16.0,20.0,2,3300.0,6.28,2018,2,0,0,0,0,0,0,0,0,1,0,0,0,0,0,0,0,0
155.0,8.0,16.0,20.0,2,3300.0,5.5,2017,2,0,0,0,0,0,0,0,0,1,0,0,0,0,0,0,0,0
190.0,8.0,32.0,64.0,2,4000.0,6.44,2020,1,0,0,0,0,0,0,0,0,1,0,0,0,0,0,0,0,0
199.0,12.0,16.0,48.0,2,4510.0,6.78,2020,2,0,0,0,0,0,0,0,0,1,0,0,0,0,0,0,0,0
188.0,12.0,16.0,48.0,2,4500.0,6.55,2020,2,0,0,0,0,0,0,0,0,1,0,0,0,0,0,0,0,0
206.0,12.0,16.0,48.0,2,4085.0,6.67,2019,2,0,0,0,0,0,0,0,0,1,0,0,0,0,0,0,0,0
210.0,12.0,32.0,50.0,2,5000.0,6.7,2023,2,0,0,0,0,0,0,0,0,1,0,0,0,0,0,0,0,0
202.0,8.0,16.0,64.0,2,4800.0,6.55,2023,2,0,0,0,0,0,0,0,0,1,0,0,0,0,0,0,0,0
215.0,12.0,32.0,50.0,2,5000.0,6.7,2023,2,0,0,0,0,0,0,0,0,1,0,0,0,0,0,0,0,0
200.0,12.0,16.0,50.0,2,5000.0,6.7,2023,2,0,0,0,0,0,0,0,0,1,0,0,0,0,0,0,0,0
223.0,12.0,32.0,50.0,1,6000.0,6.78,2024,3,0,0,0,0,0,0,0,0,0,0,0,0,0,0,0,1,0
223.0,12.0,32.0,50.0,1,6000.0,6.78,2024,3,0,0,0,0,0,0,0,0,0,0,0,0,0,0,0,1,0
223.0,16.0,32.0,200.0,1,6000.0,6.78,2024,3,0,0,0,0,0,0,0,0,0,0,0,0,0,0,0,1,0
223.0,16.0,32.0,200.0,1,6000.0,6.78,2024,3,0,0,0,0,0,0,0,0,0,0,0,0,0,0,0,1,0
187.0,16.0,32.0,50.0,1,5700.0,6.31,2024,3,0,0,0,0,0,0,0,0,0,0,0,0,0,0,0,1,0
179.0,8.0,44.0,64.0,1,4100.0,6.44,2024,1,0,0,0,0,0,0,0,0,0,0,0,0,0,0,0,1,0
190.0,12.0,16.0,64.0,1,5000.0,6.58,2024,1,0,0,0,0,0,0,0,0,0,0,0,0,0,0,0,1,0
180.0,8.0,16.0,50.0,1,5000.0,6.67,2024,1,0,0,0,0,0,0,0,0,0,0,0,0,0,0,0,1,0
181.0,8.0,16.0,64.0,1,4500.0,6.38,2024,1,0,0,0,0,0,0,0,0,0,0,0,0,0,0,0,1,0
189.0,12.0,32.0,108.0,1,4700.0,6.56,2024,2,0,0,0,0,0,0,0,0,0,0,0,0,0,0,0,1,0
192.0,12.0,32.0,64.0,1,4500.0,6.44,2024,2,0,0,0,0,0,0,0,0,0,0,0,0,0,0,0,1,0
210.0,16.0,16.0,50.0,1,5000.0,6.78,2024,2,0,0,0,0,0,0,0,0,0,0,0,0,0,0,0,1,0
162.0,6.0,12.0,16.0,1,3315.0,6.3,2018,0,0,0,0,0,0,0,0,0,0,0,0,0,0,0,0,1,0
150.0,4.0,24.0,16.0,1,3260.0,6.3,2018,0,0,0,0,0,0,0,0,0,0,0,0,0,0,0,0,1,0
199.0,6.0,20.0,16.0,1,4000.0,5.88,2017,1,0,0,0,0,0,0,0,0,0,0,0,0,0,0,0,1,0
146.0,3.0,5.0,13.0,1,3260.0,6.22,2018,0,0,0,0,0,0,0,0,0,0,0,0,0,0,0,0,1,0
146.0,2.0,5.0,13.0,1,2300.0,5.5,2014,0,0,0,0,0,0,0,0,0,0,0,0,0,0,0,0,1,0
158.0,4.0,20.0,16.0,1,3055.0,5.5,2017,0,0,0,0,0,0,0,0,0,0,0,0,0,0,0,0,1,0
163.0,4.0,20.0,13.0,2,4030.0,6.22,2018,0,0,0,0,0,0,0,0,0,0,0,0,0,0,0,0,1,0
168.0,4.0,8.0,13.0,1,3000.0,5.5,2016,0,0,0,0,0,0,0,0,0,0,0,0,0,0,0,0,1,0
153.0,1.0,5.0,13.0,1,2000.0,5.0,2014,0,0,0,0,0,0,0,0,0,0,0,0,0,0,0,0,1,0
155.0,3.0,16.0,13.0,1,3000.0,5.5,2017,0,0,0,0,0,0,0,0,0,0,0,0,0,0,0,0,1,0
176.0,8.0,32.0,48.0,1,4500.0,6.44,2020,1,0,0,0,0,0,0,0,0,0,0,0,0,0,0,0,1,0
176.0,8.0,32.0,48.0,1,4500.0,6.44,2020,1,0,0,0,0,0,0,0,0,0,0,0,0,0,0,0,1,0
201.0,8.0,32.0,48.0,1,4100.0,6.44,2019,1,0,0,0,0,0,0,0,0,0,0,0,0,0,0,0,1,0
201.0,8.0,32.0,48.0,1,4100.0,6.44,2019,1,0,0,0,0,0,0,0,0,0,0,0,0,0,0,0,1,0
191.0,3.0,8.0,13.0,1,5000.0,6.51,2020,0,0,0,0,0,0,0,0,0,0,0,0,0,0,0,0,1,0
191.0,4.0,8.0,13.0,1,5000.0,6.51,2020,0,0,0,0,0,0,0,0,0,0,0,0,0,0,0,0,1,0
185.0,6.0,32.0,48.0,1,4500.0,6.38,2019,0,0,0,0,0,0,0,0,0,0,0,0,0,0,0,0,1,0
185.0,6.0,32.0,48.0,1,4500.0,6.38,2019,1,0,0,0,0,0,0,0,0,0,0,0,0,0,0,0,1,0
190.0,3.0,8.0,13.0,1,5000.0,6.35,2019,0,0,0,0,0,0,0,0,0,0,0,0,0,0,0,0,1,0
190.0,3.0,8.0,13.0,1,5000.0,6.35,2019,0,0,0,0,0,0,0,0,0,0,0,0,0,0,0,0,1,0
190.0,6.0,32.0,48.0,1,4000.0,6.53,2019,1,0,0,0,0,0,0,0,0,0,0,0,0,0,0,0,1,0
190.0,6.0,32.0,48.0,1,4000.0,6.53,2019,1,0,0,0,0,0,0,0,0,0,0,0,0,0,0,0,1,0
190.0,8.0,32.0,48.0,1,4000.0,6.39,2019,2,0,0,0,0,0,0,0,0,0,0,0,0,0,0,0,1,0
190.0,8.0,32.0,48.0,1,4000.0,6.39,2019,2,0,0,0,0,0,0,0,0,0,0,0,0,0,0,0,1,0
193.0,4.0,8.0,13.0,1,5000.0,6.47,2020,0,0,0,0,0,0,0,0,0,0,0,0,0,0,0,0,1,0
193.0,3.0,8.0,13.0,1,5000.0,6.47,2020,0,0,0,0,0,0,0,0,0,0,0,0,0,0,0,0,1,0
159.0,4.0,16.0,16.0,1,4500.0,6.53,2019,0,0,0,0,0,0,0,0,0,0,0,0,0,0,0,0,1,0
159.0,6.0,16.0,16.0,1,4500.0,6.53,2019,1,0,0,0,0,0,0,0,0,0,0,0,0,0,0,0,1,0
156.0,6.0,12.0,12.0,1,3200.0,6.28,2018,1,0,0,0,0,0,0,0,0,0,0,0,0,0,0,0,1,0
156.0,4.0,12.0,12.0,1,3200.0,6.28,2018,1,0,0,0,0,0,0,0,0,0,0,0,0,0,0,0,1,0
172.0,8.0,50.0,64.0,1,4050.0,6.44,2021,1,0,0,0,0,0,0,0,0,0,0,0,0,0,0,0,1,0
172.0,8.0,50.0,64.0,1,4050.0,6.44,2021,1,0,0,0,0,0,0,0,0,0,0,0,0,0,0,0,1,0
182.0,8.0,16.0,50.0,1,5000.0,6.58,2021,0,0,0,0,0,0,0,0,0,0,0,0,0,0,0,0,1,0
182.0,4.0,16.0,50.0,1,5000.0,6.58,2021,0,0,0,0,0,0,0,0,0,0,0,0,0,0,0,0,1,0
190.0,12.0,32.0,48.0,1,4200.0,6.56,2021,2,0,0,0,0,0,0,0,0,0,0,0,0,0,0,0,1,0
190.0,12.0,32.0,48.0,1,4200.0,6.56,2021,3,0,0,0,0,0,0,0,0,0,0,0,0,0,0,0,1,0
173.0,8.0,44.0,64.0,1,4000.0,6.44,2020,2,0,0,0,0,0,0,0,0,0,0,0,0,0,0,0,1,0
173.0,8.0,44.0,64.0,1,4000.0,6.44,2020,2,0,0,0,0,0,0,0,0,0,0,0,0,0,0,0,1,0
179.0,8.0,16.0,50.0,1,5000.0,6.58,2021,1,0,0,0,0,0,0,0,0,0,0,0,0,0,0,0,1,0
179.0,8.0,16.0,50.0,1,5000.0,6.58,2021,1,0,0,0,0,0,0,0,0,0,0,0,0,0,0,0,1,0
190.0,6.0,16.0,64.0,1,5000.0,6.58,2021,0,0,0,0,0,0,0,0,0,0,0,0,0,0,0,0,1,0
190.0,6.0,16.0,64.0,1,5000.0,6.58,2021,0,0,0,0,0,0,0,0,0,0,0,0,0,0,0,0,1,0
185.0,6.0,32.0,48.0,1,3700.0,6.39,2019,1,0,0,0,0,0,0,0,0,0,0,0,0,0,0,0,1,0
185.0,6.0,32.0,48.0,1,3700.0,6.39,2019,1,0,0,0,0,0,0,0,0,0,0,0,0,0,0,0,1,0
185.0,8.0,32.0,50.0,1,4450.0,6.56,2021,2,0,0,0,0,0,0,0,0,0,0,0,0,0,0,0,1,0
185.0,8.0,32.0,50.0,1,4450.0,6.56,2021,2,0,0,0,0,0,0,0,0,0,0,0,0,0,0,0,1,0
181.0,6.0,16.0,50.0,1,5000.0,6.58,2022,1,0,0,0,0,0,0,0,0,0,0,0,0,0,0,0,1,0
181.0,8.0,16.0,50.0,1,5000.0,6.58,2022,1,0,0,0,0,0,0,0,0,0,0,0,0,0,0,0,1,0
199.0,8.0,32.0,64.0,1,4200.0,6.44,2019,2,0,0,0,0,0,0,0,0,0,0,0,0,0,0,0,1,0
199.0,8.0,32.0,64.0,1,4200.0,6.44,2019,3,0,0,0,0,0,0,0,0,0,0,0,0,0,0,0,1,0
182.0,8.0,50.0,50.0,1,4600.0,6.78,2023,2,0,0,0,0,0,0,0,0,0,0,0,0,0,0,0,1,0
182.0,8.0,50.0,50.0,1,4600.0,6.78,2023,2,0,0,0,0,0,0,0,0,0,0,0,0,0,0,0,1,0
182.0,8.0,50.0,50.0,1,4600.0,6.78,2023,2,0,0,0,0,0,0,0,0,0,0,0,0,0,0,0,1,0
182.0,8.0,50.0,50.0,1,4600.0,6.78,2023,2,0,0,0,0,0,0,0,0,0,0,0,0,0,0,0,1,0
190.0,8.0,32.0,64.0,1,4830.0,6.56,2022,2,0,0,0,0,0,0,0,0,0,0,0,0,0,0,0,1,0
190.0,8.0,32.0,64.0,1,4830.0,6.56,2022,2,0,0,0,0,0,0,0,0,0,0,0,0,0,0,0,1,0
221.0,12.0,32.0,50.0,1,4870.0,6.78,2022,3,0,0,0,0,0,0,0,0,0,0,0,0,0,0,0,1,0
221.0,12.0,32.0,50.0,1,4870.0,6.78,2022,3,0,0,0,0,0,0,0,0,0,0,0,0,0,0,0,1,0
190.0,8.0,16.0,64.0,1,4500.0,6.44,2023,1,0,0,0,0,0,0,0,0,0,0,0,0,0,0,0,1,0
190.0,8.0,16.0,64.0,1,4500.0,6.44,2023,1,0,0,0,0,0,0,0,0,0,0,0,0,0,0,0,1,0
190.0,8.0,16.0,64.0,1,4500.0,6.44,2023,1,0,0,0,0,0,0,0,0,0,0,0,0,0,0,0,1,0
190.0,8.0,16.0,64.0,1,4500.0,6.44,2023,1,0,0,0,0,0,0,0,0,0,0,0,0,0,0,0,1,0
179.0,8.0,50.0,64.0,1,4200.0,6.44,2022,2,0,0,0,0,0,0,0,0,0,0,0,0,0,0,0,1,0
179.0,8.0,50.0,64.0,1,4200.0,6.44,2022,2,0,0,0,0,0,0,0,0,0,0,0,0,0,0,0,1,0
206.0,12.0,32.0,50.0,1,4700.0,6.78,2022,2,0,0,0,0,0,0,0,0,0,0,0,0,0,0,0,1,0
206.0,12.0,32.0,50.0,1,4700.0,6.78,2022,3,0,0,0,0,0,0,0,0,0,0,0,0,0,0,0,1,0
182.0,4.0,8.0,13.0,1,5000.0,6.51,2021,0,0,0,0,0,0,0,0,0,0,0,0,0,0,0,0,1,0
182.0,4.0,8.0,13.0,1,5000.0,6.51,2021,0,0,0,0,0,0,0,0,0,0,0,0,0,0,0,0,1,0
239.0,12.0,32.0,64.0,3,4805.0,7.82,2023,3,0,0,0,0,0,0,0,0,0,1,0,0,0,0,0,0,0
198.0,12.0,32.0,50.0,3,4300.0,6.8,2023,3,0,0,0,0,0,0,0,0,0,1,0,0,0,0,0,0,0
210.0,12.0,32.0,50.0,3,5000.0,6.8,2024,3,0,0,0,0,0,0,0,0,0,1,0,0,0,0,0,0,0
195.0,8.0,32.0,50.0,2,4800.0,6.7,2024,3,0,0,0,0,0,0,0,0,0,1,0,0,0,0,0,0,0
192.0,8.0,32.0,50.0,3,5800.0,6.67,2025,2,0,0,0,0,0,0,0,0,0,1,0,0,0,0,0,0,0
210.0,12.0,50.0,50.0,3,5800.0,6.83,2025,2,0,0,0,0,0,0,0,0,0,1,0,0,0,0,0,0,0
200.0,12.0,50.0,50.0,2,5600.0,6.59,2025,2,0,0,0,0,0,0,0,0,0,1,0,0,0,0,0,0,0
187.0,8.0,32.0,50.0,3,5000.0,6.7,2024,1,0,0,0,0,0,0,0,0,0,1,0,0,0,0,0,0,0
190.0,12.0,32.0,50.0,3,4600.0,6.74,2024,2,0,0,0,0,0,0,0,0,0,1,0,0,0,0,0,0,0
185.0,8.0,32.0,50.0,2,5000.0,6.7,2024,2,0,0,0,0,0,0,0,0,0,1,0,0,0,0,0,0,0
185.0,8.0,32.0,64.0,3,5000.0,6.7,2024,2,0,0,0,0,0,0,0,0,0,1,0,0,0,0,0,0,0
190.0,12.0,32.0,50.0,3,4600.0,6.74,2024,2,0,0,0,0,0,0,0,0,0,1,0,0,0,0,0,0,0
180.0,8.0,16.0,50.0,2,6000.0,6.7,2024,2,0,0,0,0,0,0,0,0,0,1,0,0,0,0,0,0,0
186.0,12.0,16.0,50.0,2,6000.0,6.7,2024,2,0,0,0,0,0,0,0,0,0,1,0,0,0,0,0,0,0
186.0,8.0,8.0,50.0,2,5100.0,6.67,2024,2,0,0,0,0,0,0,0,0,0,1,0,0,0,0,0,0,0
186.0,4.0,5.0,50.0,1,5000.0,6.7,2024,1,0,0,0,0,0,0,0,0,0,1,0,0,0,0,0,0,0
186.0,4.0,8.0,8.0,2,5100.0,6.67,2024,1,0,0,0,0,0,0,0,0,0,1,0,0,0,0,0,0,0
186.0,6.0,8.0,8.0,2,5100.0,6.67,2024,2,0,0,0,0,0,0,0,0,0,1,0,0,0,0,0,0,0
186.0,8.0,8.0,50.0,2,5000.0,6.67,2024,1,0,0,0,0,0,0,0,0,0,1,0,0,0,0,0,0,0
186.0,8.0,8.0,50.0,2,5000.0,6.67,2024,2,0,0,0,0,0,0,0,0,0,1,0,0,0,0,0,0,0
192.0,8.0,16.0,50.0,1,6400.0,6.7,2024,2,0,0,0,0,0,0,0,0,0,1,0,0,0,0,0,0,0
192.0,12.0,16.0,50.0,1,6400.0,6.7,2024,2,0,0,0,0,0,0,0,0,0,1,0,0,0,0,0,0,0
175.0,8.0,32.0,64.0,2,5000.0,6.7,2024,2,0,0,0,0,0,0,0,0,0,1,0,0,0,0,0,0,0
175.0,8.0,32.0,64.0,2,5000.0,6.7,2024,2,0,0,0,0,0,0,0,0,0,1,0,0,0,0,0,0,0
177.0,8.0,32.0,64.0,2,5000.0,6.7,2024,2,0,0,0,0,0,0,0,0,0,1,0,0,0,0,0,0,0
177.0,12.0,32.0,64.0,2,5000.0,6.7,2024,2,0,0,0,0,0,0,0,0,0,1,0,0,0,0,0,0,0
173.0,8.0,32.0,64.0,2,4500.0,6.55,2023,2,0,0,0,0,0,0,0,0,0,1,0,0,0,0,0,0,0
173.0,8.0,32.0,64.0,2,4500.0,6.55,2023,2,0,0,0,0,0,0,0,0,0,1,0,0,0,0,0,0,0
221.0,12.0,32.0,50.0,3,5000.0,6.82,2024,3,0,0,0,0,0,0,0,0,0,1,0,0,0,0,0,0,0
221.0,16.0,32.0,50.0,3,5000.0,6.82,2024,3,0,0,0,0,0,0,0,0,0,1,0,0,0,0,0,0,0
206.0,12.0,32.0,64.0,3,5000.0,6.78,2024,3,0,0,0,0,0,0,0,0,0,1,0,0,0,0,0,0,0
206.0,16.0,32.0,64.0,3,5000.0,6.78,2024,3,0,0,0,0,0,0,0,0,0,1,0,0,0,0,0,0,0
218.0,12.0,32.0,50.0,3,5000.0,6.82,2023,3,0,0,0,0,0,0,0,0,0,1,0,0,0,0,0,0,0
218.0,16.0,32.0,50.0,3,5000.0,6.82,2023,3,0,0,0,0,0,0,0,0,0,1,0,0,0,0,0,0,0
207.0,12.0,32.0,50.0,3,4800.0,6.74,2023,2,0,0,0,0,0,0,0,0,0,1,0,0,0,0,0,0,0
207.0,16.0,32.0,50.0,3,4800.0,6.74,2023,3,0,0,0,0,0,0,0,0,0,1,0,0,0,0,0,0,0
218.0,12.0,32.0,50.0,3,5000.0,6.7,2022,2,0,0,0,0,0,0,0,0,0,1,0,0,0,0,0,0,0
218.0,16.0,32.0,50.0,3,5000.0,6.7,2022,3,0,0,0,0,0,0,0,0,0,1,0,0,0,0,0,0,0
196.0,8.0,32.0,50.0,3,4800.0,6.55,2022,2,0,0,0,0,0,0,0,0,0,1,0,0,0,0,0,0,0
191.0,8.0,32.0,50.0,2,4300.0,6.8,2023,2,0,0,0,0,0,0,0,0,0,1,0,0,0,0,0,0,0
191.0,12.0,32.0,50.0,2,4300.0,6.8,2023,3,0,0,0,0,0,0,0,0,0,1,0,0,0,0,0,0,0
233.0,12.0,32.0,50.0,3,4520.0,7.1,2022,3,0,0,0,0,0,0,0,0,0,1,0,0,0,0,0,0,0
180.0,8.0,32.0,64.0,3,5000.0,6.7,2023,2,0,0,0,0,0,0,0,0,0,1,0,0,0,0,0,0,0
180.0,8.0,32.0,64.0,3,5000.0,6.7,2023,2,0,0,0,0,0,0,0,0,0,1,0,0,0,0,0,0,0
186.0,12.0,32.0,50.0,3,4600.0,6.7,2023,2,0,0,0,0,0,0,0,0,0,1,0,0,0,0,0,0,0
194.0,16.0,32.0,64.0,3,4700.0,6.74,2023,2,0,0,0,0,0,0,0,0,0,1,0,0,0,0,0,0,0
174.0,8.0,32.0,64.0,2,4500.0,6.7,2022,1,0,0,0,0,0,0,0,0,0,1,0,0,0,0,0,0,0
174.0,12.0,32.0,64.0,2,4500.0,6.7,2022,2,0,0,0,0,0,0,0,0,0,1,0,0,0,0,0,0,0
184.0,16.0,32.0,50.0,2,4500.0,6.7,2022,2,0,0,0,0,0,0,0,0,0,1,0,0,0,0,0,0,0
192.0,16.0,32.0,50.0,3,4700.0,6.7,2022,2,0,0,0,0,0,0,0,0,0,1,0,0,0,0,0,0,0
179.0,8.0,32.0,50.0,3,4500.0,6.4,2022,1,0,0,0,0,0,0,0,0,0,1,0,0,0,0,0,0,0
179.0,12.0,32.0,50.0,3,4500.0,6.4,2022,1,0,0,0,0,0,0,0,0,0,1,0,0,0,0,0,0,0
183.0,12.0,32.0,50.0,3,4500.0,6.7,2022,2,0,0,0,0,0,0,0,0,0,1,0,0,0,0,0,0,0
195.0,12.0,32.0,50.0,3,4500.0,6.7,2022,2,0,0,0,0,0,0,0,0,0,1,0,0,0,0,0,0,0
173.0,8.0,32.0,64.0,3,4500.0,6.4,2021,1,0,0,0,0,0,0,0,0,0,1,0,0,0,0,0,0,0
173.0,12.0,32.0,64.0,3,4500.0,6.4,2021,1,0,0,0,0,0,0,0,0,0,1,0,0,0,0,0,0,0
180.0,12.0,32.0,50.0,3,4500.0,6.55,2021,2,0,0,0,0,0,0,0,0,0,1,0,0,0,0,0,0,0
182.0,8.0,32.0,64.0,3,4300.0,6.43,2021,1,0,0,0,0,0,0,0,0,0,1,0,0,0,0,0,0,0
182.0,12.0,32.0,64.0,3,4300.0,6.43,2021,1,0,0,0,0,0,0,0,0,0,1,0,0,0,0,0,0,0
177.0,8.0,32.0,64.0,4,4500.0,6.55,2021,1,0,0,0,0,0,0,0,0,0,1,0,0,0,0,0,0,0
177.0,12.0,32.0,64.0,4,4500.0,6.55,2021,2,0,0,0,0,0,0,0,0,0,1,0,0,0,0,0,0,0
188.0,12.0,32.0,50.0,4,4500.0,6.55,2021,2,0,0,0,0,0,0,0,0,0,1,0,0,0,0,0,0,0
180.0,8.0,32.0,64.0,4,4300.0,6.43,2020,1,0,0,0,0,0,0,0,0,0,1,0,0,0,0,0,0,0
180.0,12.0,32.0,64.0,4,4300.0,6.43,2020,1,0,0,0,0,0,0,0,0,0,1,0,0,0,0,0,0,0
173.0,8.0,32.0,64.0,4,4350.0,6.55,2020,1,0,0,0,0,0,0,0,0,0,1,0,0,0,0,0,0,0
173.0,12.0,32.0,64.0,4,4350.0,6.55,2020,1,0,0,0,0,0,0,0,0,0,1,0,0,0,0,0,0,0
184.0,12.0,32.0,50.0,4,4500.0,6.55,2020,2,0,0,0,0,0,0,0,0,0,1,0,0,0,0,0,0,0
183.0,8.0,32.0,48.0,4,4000.0,6.43,2020,1,0,0,0,0,0,0,0,0,0,1,0,0,0,0,0,0,0
183.0,8.0,32.0,48.0,4,4000.0,6.43,2020,1,0,0,0,0,0,0,0,0,0,1,0,0,0,0,0,0,0
172.0,12.0,32.0,48.0,3,4000.0,6.55,2020,2,0,0,0,0,0,0,0,0,0,1,0,0,0,0,0,0,0
181.0,8.0,32.0,64.0,4,4025.0,6.4,2019,0,0,0,0,0,0,0,0,0,0,1,0,0,0,0,0,0,0
181.0,12.0,32.0,64.0,4,4025.0,6.4,2019,1,0,0,0,0,0,0,0,0,0,1,0,0,0,0,0,0,0
171.0,12.0,32.0,48.0,4,4025.0,6.5,2019,2,0,0,0,0,0,0,0,0,0,1,0,0,0,0,0,0,0
186.0,6.0,8.0,13.0,2,5000.0,6.56,2023,0,0,0,0,0,0,0,0,0,0,1,0,0,0,0,0,0,0
186.0,8.0,8.0,13.0,2,5000.0,6.56,2023,0,0,0,0,0,0,0,0,0,0,1,0,0,0,0,0,0,0
188.0,8.0,8.0,50.0,2,5000.0,6.56,2022,0,0,0,0,0,0,0,0,0,0,1,0,0,0,0,0,0,0
186.0,6.0,8.0,13.0,2,5000.0,6.56,2022,0,0,0,0,0,0,0,0,0,0,1,0,0,0,0,0,0,0
189.0,6.0,8.0,13.0,2,5000.0,6.5,2021,0,0,0,0,0,0,0,0,0,0,1,0,0,0,0,0,0,0
186.0,6.0,8.0,13.0,3,5000.0,6.5,2021,0,0,0,0,0,0,0,0,0,0,1,0,0,0,0,0,0,0
190.0,6.0,16.0,48.0,4,5000.0,6.5,2021,0,0,0,0,0,0,0,0,0,0,1,0,0,0,0,0,0,0
175.0,4.0,8.0,16.0,3,4040.0,6.5,2020,0,0,0,0,0,0,0,0,0,0,1,0,0,0,0,0,0,0
184.0,4.0,8.0,12.0,4,4000.0,6.5,2020,0,0,0,0,0,0,0,0,0,0,1,0,0,0,0,0,0,0
186.0,4.0,8.0,13.0,3,4000.0,6.5,2020,0,0,0,0,0,0,0,0,0,0,1,0,0,0,0,0,0,0
185.0,4.0,8.0,13.0,2,4000.0,6.5,2020,0,0,0,0,0,0,0,0,0,0,1,0,0,0,0,0,0,0
185.0,4.0,8.0,13.0,2,4000.0,6.5,2020,0,0,0,0,0,0,0,0,0,0,1,0,0,0,0,0,0,0
186.0,4.0,5.0,50.0,1,5100.0,6.67,2024,0,0,0,0,0,0,0,0,0,0,1,0,0,0,0,0,0,0
186.0,6.0,5.0,50.0,1,5100.0,6.67,2024,0,0,0,0,0,0,0,0,0,0,1,0,0,0,0,0,0,0
195.0,8.0,16.0,108.0,2,5000.0,6.72,2023,0,0,0,0,0,0,0,0,0,0,1,0,0,0,0,0,0,0
195.0,12.0,16.0,108.0,2,5000.0,6.72,2023,0,0,0,0,0,0,0,0,0,0,1,0,0,0,0,0,0,0
195.0,6.0,16.0,64.0,3,5000.0,6.59,2022,0,0,0,0,0,0,0,0,0,0,1,0,0,0,0,0,0,0
195.0,8.0,16.0,64.0,3,5000.0,6.59,2022,0,0,0,0,0,0,0,0,0,0,1,0,0,0,0,0,0,0
205.0,8.0,16.0,64.0,3,5000.0,6.59,2022,0,0,0,0,0,0,0,0,0,0,1,0,0,0,0,0,0,0
194.0,6.0,16.0,64.0,3,5000.0,6.5,2021,0,0,0,0,0,0,0,0,0,0,1,0,0,0,0,0,0,0
194.0,8.0,16.0,64.0,3,5000.0,6.5,2021,0,0,0,0,0,0,0,0,0,0,1,0,0,0,0,0,0,0
180.0,8.0,16.0,64.0,3,4500.0,6.43,2021,1,0,0,0,0,0,0,0,0,0,1,0,0,0,0,0,0,0
180.0,12.0,16.0,64.0,3,4500.0,6.43,2021,1,0,0,0,0,0,0,0,0,0,1,0,0,0,0,0,0,0
172.0,8.0,32.0,64.0,3,4300.0,6.43,2021,1,0,0,0,0,0,0,0,0,0,1,0,0,0,0,0,0,0
172.0,8.0,32.0,64.0,3,4300.0,6.43,2021,1,0,0,0,0,0,0,0,0,0,1,0,0,0,0,0,0,0
194.0,6.0,16.0,48.0,4,5000.0,6.5,2020,0,0,0,0,0,0,0,0,0,0,1,0,0,0,0,0,0,0
180.0,8.0,32.0,48.0,4,4025.0,6.4,2020,1,0,0,0,0,0,0,0,0,0,1,0,0,0,0,0,0,0
180.0,8.0,32.0,48.0,4,4025.0,6.4,2020,1,0,0,0,0,0,0,0,0,0,1,0,0,0,0,0,0,0
184.0,8.0,16.0,64.0,3,5000.0,6.7,2023,1,0,0,0,0,0,0,0,0,0,1,0,0,0,0,0,0,0
184.0,12.0,16.0,64.0,3,5000.0,6.7,2023,1,0,0,0,0,0,0,0,0,0,1,0,0,0,0,0,0,0
205.0,12.0,16.0,64.0,3,5000.0,6.59,2022,1,0,0,0,0,0,0,0,0,0,1,0,0,0,0,0,0,0
222.8,12.0,16.0,50.0,3,6500.0,6.78,2024,2,0,0,0,0,0,0,0,0,0,0,0,1,0,0,0,0,0
222.8,16.0,16.0,50.0,3,6500.0,6.78,2024,2,0,0,0,0,0,0,0,0,0,0,0,1,0,0,0,0,0
191.0,8.0,32.0,50.0,3,5500.0,6.78,2023,1,0,0,0,0,0,0,0,0,0,0,0,1,0,0,0,0,0
191.0,12.0,32.0,50.0,3,5500.0,6.78,2023,1,0,0,0,0,0,0,0,0,0,0,0,1,0,0,0,0,0
191.0,16.0,32.0,50.0,3,5500.0,6.78,2023,1,0,0,0,0,0,0,0,0,0,0,0,1,0,0,0,0,0
191.0,8.0,32.0,50.0,2,5500.0,6.78,2023,1,0,0,0,0,0,0,0,0,0,0,0,1,0,0,0,0,0
191.0,8.0,32.0,50.0,2,5500.0,6.78,2023,1,0,0,0,0,0,0,0,0,0,0,0,1,0,0,0,0,0
184.0,12.0,16.0,50.0,3,6000.0,6.83,2025,1,0,0,0,0,0,0,0,0,0,0,0,1,0,0,0,0,0
184.0,12.0,16.0,50.0,3,6000.0,6.83,2025,1,0,0,0,0,0,0,0,0,0,0,0,1,0,0,0,0,0
184.0,8.0,16.0,50.0,2,5800.0,6.7,2025,1,0,0,0,0,0,0,0,0,0,0,0,1,0,0,0,0,0
184.0,8.0,16.0,50.0,2,5800.0,6.7,2025,1,0,0,0,0,0,0,0,0,0,0,0,1,0,0,0,0,0
190.0,6.0,16.0,48.0,3,5500.0,6.6,2025,1,0,0,0,0,0,0,0,0,0,0,0,1,0,0,0,0,0
190.0,8.0,16.0,48.0,3,5500.0,6.6,2025,1,0,0,0,0,0,0,0,0,0,0,0,1,0,0,0,0,0
185.0,8.0,16.0,50.0,2,5000.0,6.5,2024,0,0,0,0,0,0,0,0,0,0,0,0,1,0,0,0,0,0
185.0,8.0,16.0,50.0,2,5000.0,6.5,2024,1,0,0,0,0,0,0,0,0,0,0,0,1,0,0,0,0,0
190.0,6.0,16.0,50.0,2,5000.0,6.6,2024,0,0,0,0,0,0,0,0,0,0,0,0,1,0,0,0,0,0
190.0,8.0,16.0,50.0,2,5000.0,6.6,2024,0,0,0,0,0,0,0,0,0,0,0,0,1,0,0,0,0,0
192.0,8.0,16.0,50.0,3,5200.0,6.7,2024,1,0,0,0,0,0,0,0,0,0,0,0,1,0,0,0,0,0
192.0,12.0,16.0,50.0,3,5200.0,6.7,2024,1,0,0,0,0,0,0,0,0,0,0,0,1,0,0,0,0,0
195.0,12.0,32.0,50.0,3,5500.0,6.78,2024,1,0,0,0,0,0,0,0,0,0,0,0,1,0,0,0,0,0
195.0,16.0,32.0,50.0,3,5500.0,6.78,2024,1,0,0,0,0,0,0,0,0,0,0,0,1,0,0,0,0,0
185.0,8.0,16.0,64.0,2,5100.0,6.7,2024,0,0,0,0,0,0,0,0,0,0,0,0,1,0,0,0,0,0
185.0,12.0,16.0,64.0,2,5100.0,6.7,2024,1,0,0,0,0,0,0,0,0,0,0,0,1,0,0,0,0,0
188.0,12.0,32.0,50.0,3,5500.0,6.78,2024,1,0,0,0,0,0,0,0,0,0,0,0,1,0,0,0,0,0
188.0,16.0,32.0,50.0,3,5500.0,6.78,2024,1,0,0,0,0,0,0,0,0,0,0,0,1,0,0,0,0,0
184.0,6.0,16.0,50.0,2,5000.0,6.6,2024,0,0,0,0,0,0,0,0,0,0,0,0,1,0,0,0,0,0
184.0,8.0,16.0,50.0,2,5000.0,6.6,2024,0,0,0,0,0,0,0,0,0,0,0,0,1,0,0,0,0,0
190.0,8.0,16.0,64.0,2,5200.0,6.7,2024,1,0,0,0,0,0,0,0,0,0,0,0,1,0,0,0,0,0
190.0,12.0,16.0,64.0,2,5200.0,6.7,2024,1,0,0,0,0,0,0,0,0,0,0,0,1,0,0,0,0,0
200.0,8.0,16.0,50.0,2,5000.0,6.6,2024,0,0,0,0,0,0,0,0,0,0,0,0,1,0,0,0,0,0
200.0,8.0,16.0,50.0,2,5000.0,6.6,2024,1,0,0,0,0,0,0,0,0,0,0,0,1,0,0,0,0,0
195.0,6.0,16.0,50.0,2,5000.0,6.5,2024,0,0,0,0,0,0,0,0,0,0,0,0,1,0,0,0,0,0
193.0,6.0,16.0,50.0,2,5000.0,6.5,2024,0,0,0,0,0,0,0,0,0,0,0,0,1,0,0,0,0,0
198.0,8.0,16.0,50.0,2,5000.0,6.6,2024,0,0,0,0,0,0,0,0,0,0,0,0,1,0,0,0,0,0
198.0,8.0,16.0,50.0,2,5200.0,6.6,2024,0,0,0,0,0,0,0,0,0,0,0,0,1,0,0,0,0,0
190.0,6.0,8.0,50.0,2,5000.0,6.6,2024,0,0,0,0,0,0,0,0,0,0,0,0,1,0,0,0,0,0
190.0,8.0,8.0,50.0,2,5000.0,6.6,2024,0,0,0,0,0,0,0,0,0,0,0,0,1,0,0,0,0,0
189.0,4.0,8.0,50.0,2,5000.0,6.5,2024,0,0,0,0,0,0,0,0,0,0,0,0,1,0,0,0,0,0
195.0,6.0,8.0,50.0,2,5000.0,6.6,2024,0,0,0,0,0,0,0,0,0,0,0,0,1,0,0,0,0,0
195.0,8.0,8.0,50.0,2,5000.0,6.6,2024,0,0,0,0,0,0,0,0,0,0,0,0,1,0,0,0,0,0
192.0,6.0,8.0,50.0,2,5000.0,6.6,2024,0,0,0,0,0,0,0,0,0,0,0,0,1,0,0,0,0,0
192.0,8.0,8.0,50.0,2,5000.0,6.6,2024,0,0,0,0,0,0,0,0,0,0,0,0,1,0,0,0,0,0
191.0,6.0,8.0,50.0,2,5000.0,6.6,2024,0,0,0,0,0,0,0,0,0,0,0,0,1,0,0,0,0,0
189.0,6.0,8.0,64.0,2,5000.0,6.72,2023,0,0,0,0,0,0,0,0,0,0,0,0,1,0,0,0,0,0
189.0,8.0,8.0,64.0,2,5000.0,6.72,2023,0,0,0,0,0,0,0,0,0,0,0,0,1,0,0,0,0,0
198.0,6.0,16.0,50.0,2,5200.0,6.6,2024,0,0,0,0,0,0,0,0,0,0,0,0,1,0,0,0,0,0
196.0,6.0,16.0,50.0,2,5200.0,6.6,2024,0,0,0,0,0,0,0,0,0,0,0,0,1,0,0,0,0,0
196.0,8.0,16.0,50.0,2,5200.0,6.6,2024,0,0,0,0,0,0,0,0,0,0,0,0,1,0,0,0,0,0
195.0,6.0,16.0,50.0,2,5000.0,6.5,2024,0,0,0,0,0,0,0,0,0,0,0,0,1,0,0,0,0,0
199.0,8.0,16.0,50.0,3,5200.0,6.8,2024,1,0,0,0,0,0,0,0,0,0,0,0,1,0,0,0,0,0
199.0,12.0,16.0,50.0,3,5200.0,6.8,2024,2,0,0,0,0,0,0,0,0,0,0,0,1,0,0,0,0,0
193.0,8.0,16.0,64.0,3,5000.0,6.7,2024,1,0,0,0,0,0,0,0,0,0,0,0,1,0,0,0,0,0
193.0,12.0,16.0,64.0,3,5000.0,6.7,2024,1,0,0,0,0,0,0,0,0,0,0,0,1,0,0,0,0,0
195.0,8.0,16.0,50.0,2,5100.0,6.7,2024,1,0,0,0,0,0,0,0,0,0,0,0,1,0,0,0,0,0
195.0,12.0,16.0,50.0,2,5100.0,6.7,2024,1,0,0,0,0,0,0,0,0,0,0,0,1,0,0,0,0,0
210.0,12.0,32.0,50.0,3,6100.0,6.73,2024,2,0,0,0,0,0,0,0,0,0,0,0,0,0,0,0,0,1
210.0,16.0,32.0,50.0,3,6100.0,6.73,2024,2,0,0,0,0,0,0,0,0,0,0,0,0,0,0,0,0,1
210.0,16.0,32.0,50.0,3,6100.0,6.73,2024,3,0,0,0,0,0,0,0,0,0,0,0,0,0,0,0,0,1
190.0,12.0,32.0,50.0,2,5400.0,6.36,2024,2,0,0,0,0,0,0,0,0,0,0,0,0,0,0,0,0,1
190.0,16.0,32.0,50.0,2,5400.0,6.36,2024,2,0,0,0,0,0,0,0,0,0,0,0,0,0,0,0,0,1
209.0,12.0,32.0,50.0,3,5000.0,6.67,2024,2,0,0,0,0,0,0,0,0,0,0,0,0,0,0,0,0,1
209.0,12.0,32.0,50.0,3,5000.0,6.67,2024,2,0,0,0,0,0,0,0,0,0,0,0,0,0,0,0,0,1
209.0,12.0,32.0,50.0,3,5000.0,6.67,2024,2,0,0,0,0,0,0,0,0,0,0,0,0,0,0,0,0,1
195.0,12.0,32.0,50.0,2,5000.0,6.67,2024,2,0,0,0,0,0,0,0,0,0,0,0,0,0,0,0,0,1
195.0,12.0,32.0,50.0,2,5000.0,6.67,2024,2,0,0,0,0,0,0,0,0,0,0,0,0,0,0,0,0,1
206.0,12.0,32.0,50.0,3,5000.0,6.73,2023,2,0,0,0,0,0,0,0,0,0,0,0,0,0,0,0,0,1
206.0,12.0,32.0,50.0,3,5000.0,6.73,2023,2,0,0,0,0,0,0,0,0,0,0,0,0,0,0,0,0,1
189.0,12.0,32.0,50.0,2,4610.0,6.36,2023,2,0,0,0,0,0,0,0,0,0,0,0,0,0,0,0,0,1
189.0,12.0,32.0,50.0,2,4610.0,6.36,2023,2,0,0,0,0,0,0,0,0,0,0,0,0,0,0,0,0,1
205.0,8.0,16.0,200.0,3,5110.0,6.67,2024,1,0,0,0,0,0,0,0,0,0,0,0,0,0,0,0,0,1
205.0,12.0,16.0,200.0,3,5110.0,6.67,2024,1,0,0,0,0,0,0,0,0,0,0,0,0,0,0,0,0,1
205.0,16.0,16.0,200.0,3,5110.0,6.67,2024,1,0,0,0,0,0,0,0,0,0,0,0,0,0,0,0,0,1
195.0,8.0,16.0,108.0,3,5500.0,6.67,2024,1,0,0,0,0,0,0,0,0,0,0,0,0,0,0,0,0,1
195.0,12.0,16.0,108.0,3,5500.0,6.67,2024,1,0,0,0,0,0,0,0,0,0,0,0,0,0,0,0,0,1
190.0,6.0,16.0,108.0,3,5000.0,6.67,2024,1,0,0,0,0,0,0,0,0,0,0,0,0,0,0,0,0,1
190.0,8.0,16.0,108.0,3,5000.0,6.67,2024,1,0,0,0,0,0,0,0,0,0,0,0,0,0,0,0,0,1
185.0,6.0,16.0,50.0,3,5000.0,6.67,2024,1,0,0,0,0,0,0,0,0,0,0,0,0,0,0,0,0,1
185.0,8.0,16.0,50.0,3,5000.0,6.67,2024,1,0,0,0,0,0,0,0,0,0,0,0,0,0,0,0,0,1
180.0,4.0,16.0,50.0,3,5000.0,6.67,2024,0,0,0,0,0,0,0,0,0,0,0,0,0,0,0,0,0,1
180.0,6.0,16.0,50.0,3,5000.0,6.67,2024,1,0,0,0,0,0,0,0,0,0,0,0,0,0,0,0,0,1
195.0,4.0,8.0,50.0,2,5000.0,6.5,2024,0,0,0,0,0,0,0,0,0,0,0,0,0,0,0,0,0,1
195.0,6.0,8.0,50.0,2,5000.0,6.5,2024,0,0,0,0,0,0,0,0,0,0,0,0,0,0,0,0,0,1
209.0,8.0,16.0,50.0,1,5100.0,6.67,2022,2,0,0,0,0,0,1,0,0,0,0,0,0,0,0,0,0,0
209.0,12.0,16.0,50.0,1,5100.0,6.67,2022,2,0,0,0,0,0,1,0,0,0,0,0,0,0,0,0,0,0
209.0,16.0,16.0,50.0,1,5100.0,6.67,2022,2,0,0,0,0,0,1,0,0,0,0,0,0,0,0,0,0,0
198.0,4.0,8.0,48.0,1,5000.0,6.5,2022,0,0,0,0,0,0,1,0,0,0,0,0,0,0,0,0,0,0
198.0,6.0,8.0,48.0,1,5000.0,6.5,2022,0,0,0,0,0,0,1,0,0,0,0,0,0,0,0,0,0,0
200.0,6.0,16.0,64.0,1,5000.0,6.8,2021,0,0,0,0,0,0,1,0,0,0,0,0,0,0,0,0,0,0
190.0,2.0,5.0,13.0,1,5000.0,6.52,2021,0,0,0,0,0,0,1,0,0,0,0,0,0,0,0,0,0,0
200.0,4.0,8.0,48.0,1,5000.0,6.5,2021,0,0,0,0,0,0,1,0,0,0,0,0,0,0,0,0,0,0
172.0,4.0,16.0,13.0,1,4050.0,6.22,2019,0,0,0,0,0,0,1,0,0,0,0,0,0,0,0,0,0,0
172.0,3.0,5.0,13.0,1,4000.0,6.09,2019,0,0,0,0,0,0,1,0,0,0,0,0,0,0,0,0,0,0
164.0,4.0,16.0,16.0,1,4050.0,6.3,2019,0,0,0,0,0,0,1,0,0,0,0,0,0,0,0,0,0,0
164.0,6.0,16.0,16.0,1,4050.0,6.3,2019,0,0,0,0,0,0,1,0,0,0,0,0,0,0,0,0,0,0
185.0,6.0,32.0,48.0,1,4000.0,6.39,2019,1,0,0,0,0,0,1,0,0,0,0,0,0,0,0,0,0,0
185.0,8.0,32.0,48.0,1,4000.0,6.39,2019,2,0,0,0,0,0,1,0,0,0,0,0,0,0,0,0,0,0
210.0,6.0,16.0,16.0,1,3350.0,6.39,2018,1,0,0,0,0,0,1,0,0,0,0,0,0,0,0,0,0,0
168.0,8.0,32.0,50.0,1,5000.0,6.7,2024,2,0,0,0,0,0,0,1,0,0,0,0,0,0,0,0,0,0
168.0,12.0,32.0,50.0,1,5000.0,6.7,2024,2,0,0,0,0,0,0,1,0,0,0,0,0,0,0,0,0,0
186.0,8.0,50.0,50.0,1,4500.0,6.7,2024,2,0,0,0,0,0,0,1,0,0,0,0,0,0,0,0,0,0
186.0,12.0,50.0,50.0,1,4500.0,6.7,2024,2,0,0,0,0,0,0,1,0,0,0,0,0,0,0,0,0,0
192.0,8.0,32.0,50.0,1,3500.0,6.7,2023,3,0,0,0,0,0,0,1,0,0,0,0,0,0,0,0,0,0
192.0,12.0,32.0,50.0,1,3500.0,6.7,2023,3,0,0,0,0,0,0,1,0,0,0,0,0,0,0,0,0,0
166.0,8.0,16.0,50.0,1,5000.0,6.5,2023,1,0,0,0,0,0,0,1,0,0,0,0,0,0,0,0,0,0
166.0,12.0,16.0,50.0,1,5000.0,6.5,2023,1,0,0,0,0,0,0,1,0,0,0,0,0,0,0,0,0,0
195.0,4.0,16.0,50.0,1,5000.0,6.8,2023,0,0,0,0,0,0,0,1,0,0,0,0,0,0,0,0,0,0
195.0,6.0,16.0,50.0,1,5000.0,6.8,2023,0,0,0,0,0,0,0,1,0,0,0,0,0,0,0,0,0,0
180.0,6.0,25.0,48.0,1,3500.0,6.3,2024,1,0,0,0,0,0,0,1,0,0,0,0,0,0,0,0,0,0
180.0,8.0,25.0,48.0,1,3500.0,6.3,2024,1,0,0,0,0,0,0,1,0,0,0,0,0,0,0,0,0,0
170.0,6.0,32.0,64.0,1,5000.0,6.7,2024,1,0,0,0,0,0,0,1,0,0,0,0,0,0,0,0,0,0
170.0,8.0,32.0,64.0,1,5000.0,6.7,2024,1,0,0,0,0,0,0,1,0,0,0,0,0,0,0,0,0,0
198.0,4.0,8.0,48.0,1,5000.0,6.5,2023,0,0,0,0,0,0,0,1,0,0,0,0,0,0,0,0,0,0
198.0,6.0,8.0,48.0,1,5000.0,6.5,2023,0,0,0,0,0,0,0,1,0,0,0,0,0,0,0,0,0,0
206.0,4.0,16.0,50.0,1,5000.0,6.6,2022,0,0,0,0,0,0,0,1,0,0,0,0,0,0,0,0,0,0
206.0,6.0,16.0,50.0,1,5000.0,6.6,2022,1,0,0,0,0,0,0,1,0,0,0,0,0,0,0,0,0,0
203.0,3.0,5.0,13.0,1,5000.0,6.5,2022,0,0,0,0,0,0,0,1,0,0,0,0,0,0,0,0,0,0
203.0,4.0,5.0,13.0,1,5000.0,6.5,2022,0,0,0,0,0,0,0,1,0,0,0,0,0,0,0,0,0,0
205.0,8.0,16.0,50.0,1,5000.0,6.78,2024,1,0,0,0,0,0,0,1,0,0,0,0,0,0,0,0,0,0
205.0,8.0,16.0,50.0,1,5000.0,6.78,2024,1,0,0,0,0,0,0,1,0,0,0,0,0,0,0,0,0,0
190.0,8.0,32.0,64.0,1,4500.0,6.7,2024,1,0,0,0,0,0,0,1,0,0,0,0,0,0,0,0,0,0
190.0,12.0,32.0,64.0,1,4500.0,6.7,2024,1,0,0,0,0,0,0,1,0,0,0,0,0,0,0,0,0,0
171.0,8.0,32.0,50.0,1,4310.0,6.4,2024,1,0,0,0,0,0,0,1,0,0,0,0,0,0,0,0,0,0
171.0,12.0,32.0,50.0,1,4310.0,6.4,2024,2,0,0,0,0,0,0,1,0,0,0,0,0,0,0,0,0,0
182.0,8.0,16.0,50.0,1,5000.0,6.49,2024,1,0,0,0,0,0,0,1,0,0,0,0,0,0,0,0,0,0
182.0,8.0,16.0,50.0,1,5000.0,6.49,2024,1,0,0,0,0,0,0,1,0,0,0,0,0,0,0,0,0,0
188.0,4.0,16.0,50.0,1,5000.0,6.72,2024,0,0,0,0,0,0,0,1,0,0,0,0,0,0,0,0,0,0
188.0,8.0,16.0,50.0,1,5000.0,6.72,2024,0,0,0,0,0,0,0,1,0,0,0,0,0,0,0,0,0,0
183.0,6.0,16.0,50.0,1,5000.0,6.5,2024,0,0,0,0,0,0,0,1,0,0,0,0,0,0,0,0,0,0
183.0,8.0,16.0,50.0,1,5000.0,6.5,2024,1,0,0,0,0,0,0,1,0,0,0,0,0,0,0,0,0,0
180.0,8.0,32.0,50.0,1,4700.0,6.7,2024,2,0,0,0,0,0,0,1,0,0,0,0,0,0,0,0,0,0
180.0,12.0,32.0,50.0,1,4700.0,6.7,2024,2,0,0,0,0,0,0,1,0,0,0,0,0,0,0,0,0,0
189.0,12.0,32.0,50.0,1,4000.0,6.9,2024,3,0,0,0,0,0,0,1,0,0,0,0,0,0,0,0,0,0
188.0,8.0,32.0,50.0,1,3800.0,6.7,2024,3,0,0,0,0,0,0,1,0,0,0,0,0,0,0,0,0,0
173.0,8.0,32.0,50.0,1,5000.0,6.67,2024,1,0,0,0,0,0,0,1,0,0,0,0,0,0,0,0,0,0
173.0,12.0,32.0,50.0,1,5000.0,6.67,2024,1,0,0,0,0,0,0,1,0,0,0,0,0,0,0,0,0,0
170.0,8.0,32.0,50.0,1,4300.0,6.5,2024,1,0,0,0,0,0,0,1,0,0,0,0,0,0,0,0,0,0
170.0,12.0,32.0,50.0,1,4300.0,6.5,2024,1,0,0,0,0,0,0,1,0,0,0,0,0,0,0,0,0,0
180.0,4.0,8.0,13.0,1,5000.0,6.5,2024,0,0,0,0,0,0,0,1,0,0,0,0,0,0,0,0,0,0
180.0,4.0,8.0,13.0,1,5000.0,6.5,2024,0,0,0,0,0,0,0,1,0,0,0,0,0,0,0,0,0,0
174.0,8.0,32.0,50.0,1,4700.0,6.7,2024,2,0,0,0,0,0,0,1,0,0,0,0,0,0,0,0,0,0
174.0,12.0,32.0,50.0,1,4700.0,6.7,2024,2,0,0,0,0,0,0,1,0,0,0,0,0,0,0,0,0,0
198.0,12.0,60.0,200.0,1,5000.0,6.9,2024,3,0,0,0,0,0,0,1,0,0,0,0,0,0,0,0,0,0
195.0,6.0,16.0,50.0,1,5000.0,6.8,2024,1,0,0,0,0,0,0,1,0,0,0,0,0,0,0,0,0,0
195.0,8.0,16.0,50.0,1,5000.0,6.8,2024,1,0,0,0,0,0,0,1,0,0,0,0,0,0,0,0,0,0
168.0,8.0,32.0,50.0,1,4400.0,6.55,2022,2,0,0,0,0,0,0,1,0,0,0,0,0,0,0,0,0,0
168.0,12.0,32.0,50.0,1,4400.0,6.55,2022,2,0,0,0,0,0,0,1,0,0,0,0,0,0,0,0,0,0
155.0,6.0,32.0,64.0,1,4020.0,6.28,2022,2,0,0,0,0,0,0,1,0,0,0,0,0,0,0,0,0,0
155.0,8.0,32.0,64.0,1,4020.0,6.28,2022,2,0,0,0,0,0,0,1,0,0,0,0,0,0,0,0,0,0
173.0,6.0,16.0,50.0,1,5000.0,6.6,2022,1,0,0,0,0,0,0,1,0,0,0,0,0,0,0,0,0,0
173.0,8.0,16.0,50.0,1,5000.0,6.6,2022,1,0,0,0,0,0,0,1,0,0,0,0,0,0,0,0,0,0
184.0,4.0,16.0,50.0,1,5000.0,6.5,2022,1,0,0,0,0,0,0,1,0,0,0,0,0,0,0,0,0,0
184.0,6.0,16.0,50.0,1,5000.0,6.5,2022,1,0,0,0,0,0,0,1,0,0,0,0,0,0,0,0,0,0
175.0,4.0,16.0,50.0,1,5000.0,6.4,2022,1,0,0,0,0,0,0,1,0,0,0,0,0,0,0,0,0,0
184.0,4.0,16.0,50.0,1,5000.0,6.5,2022,1,0,0,0,0,0,0,1,0,0,0,0,0,0,0,0,0,0
185.0,3.0,8.0,16.0,1,5000.0,6.5,2022,0,0,0,0,0,0,0,1,0,0,0,0,0,0,0,0,0,0
169.0,2.0,5.0,16.0,1,4020.0,6.5,2022,0,0,0,0,0,0,0,1,0,0,0,0,0,0,0,0,0,0
169.0,4.0,5.0,16.0,1,4020.0,6.5,2022,0,0,0,0,0,0,0,1,0,0,0,0,0,0,0,0,0,0
185.0,4.0,16.0,50.0,1,5000.0,6.5,2022,0,0,0,0,0,0,0,1,0,0,0,0,0,0,0,0,0,0
181.0,8.0,13.0,50.0,1,4100.0,6.5,2021,2,0,0,0,1,0,0,0,0,0,0,0,0,0,0,0,0,0
195.0,8.0,13.0,50.0,1,4360.0,6.6,2021,2,0,0,0,1,0,0,0,0,0,0,0,0,0,0,0,0,0
190.0,8.0,10.7,40.0,1,4000.0,6.9,2021,3,0,0,0,1,0,0,0,0,0,0,0,0,0,0,0,0,0
188.0,8.0,13.0,64.0,1,4200.0,6.5,2021,2,0,0,0,1,0,0,0,0,0,0,0,0,0,0,0,0,0
295.0,8.0,16.0,50.0,1,4500.0,8.0,2021,3,0,0,0,1,0,0,0,0,0,0,0,0,0,0,0,0,0
175.0,8.0,32.0,50.0,1,4300.0,6.57,2021,2,0,0,0,1,0,0,0,0,0,0,0,0,0,0,0,0,0
186.0,8.0,32.0,50.0,1,4000.0,6.72,2021,2,0,0,0,1,0,0,0,0,0,0,0,0,0,0,0,0,0
181.0,8.0,13.0,50.0,1,4100.0,6.5,2022,2,0,0,0,1,0,0,0,0,0,0,0,0,0,0,0,0,0
255.0,8.0,10.7,50.0,1,4600.0,7.8,2022,3,0,0,0,1,0,0,0,0,0,0,0,0,0,0,0,0,0
202.0,8.0,13.0,50.0,1,4460.0,6.7,2022,3,0,0,0,1,0,0,0,0,0,0,0,0,0,0,0,0,0
205.0,8.0,13.0,50.0,1,4700.0,6.74,2022,3,0,0,0,1,0,0,0,0,0,0,0,0,0,0,0,0,0
168.0,8.0,60.0,50.0,1,4000.0,6.67,2022,2,0,0,0,1,0,0,0,0,0,0,0,0,0,0,0,0,0
191.0,8.0,60.0,50.0,1,4500.0,6.78,2022,2,0,0,0,1,0,0,0,0,0,0,0,0,0,0,0,0,0
184.0,8.0,16.0,108.0,1,4500.0,6.67,2022,1,0,0,0,1,0,0,0,0,0,0,0,0,0,0,0,0,0
197.0,8.0,13.0,48.0,3,4815.0,6.67,2023,3,0,0,0,1,0,0,0,0,0,0,0,0,0,0,0,0,0
200.0,8.0,13.0,48.0,3,4815.0,6.67,2023,3,0,0,0,1,0,0,0,0,0,0,0,0,0,0,0,0,0
206.0,8.0,13.0,48.0,3,5100.0,6.73,2023,3,0,0,0,1,0,0,0,0,0,0,0,0,0,0,0,0,0
239.0,12.0,8.0,50.0,3,4800.0,7.85,2023,3,0,0,0,1,0,0,0,0,0,0,0,0,0,0,0,0,0
209.0,12.0,13.0,50.0,3,4750.0,6.7,2023,3,0,0,0,1,0,0,0,0,0,0,0,0,0,0,0,0,0
225.0,12.0,13.0,50.0,3,5000.0,6.82,2023,3,0,0,0,1,0,0,0,0,0,0,0,0,0,0,0,0,0
235.0,12.0,13.0,50.0,3,5200.0,6.82,2023,3,0,0,0,1,0,0,0,0,0,0,0,0,0,0,0,0,0
168.0,8.0,60.0,50.0,2,4500.0,6.7,2023,2,0,0,0,1,0,0,0,0,0,0,0,0,0,0,0,0,0
188.0,8.0,60.0,50.0,2,4500.0,6.78,2023,2,0,0,0,1,0,0,0,0,0,0,0,0,0,0,0,0,0
188.0,12.0,60.0,50.0,2,4500.0,6.78,2023,2,0,0,0,1,0,0,0,0,0,0,0,0,0,0,0,0,0
220.0,12.0,13.0,50.0,3,4900.0,6.8,2024,3,0,0,0,1,0,0,0,0,0,0,0,0,0,0,0,0,0
220.0,12.0,13.0,50.0,3,5050.0,6.8,2024,3,0,0,0,1,0,0,0,0,0,0,0,0,0,0,0,0,0
220.0,12.0,13.0,50.0,3,5050.0,6.8,2024,3,0,0,0,1,0,0,0,0,0,0,0,0,0,0,0,0,0
226.0,16.0,13.0,50.0,3,5200.0,6.8,2024,3,0,0,0,1,0,0,0,0,0,0,0,0,0,0,0,0,0
220.0,12.0,13.0,50.0,2,4900.0,6.7,2024,2,0,0,0,1,0,0,0,0,0,0,0,0,0,0,0,0,0
220.0,12.0,13.0,50.0,3,5000.0,6.8,2024,3,0,0,0,1,0,0,0,0,0,0,0,0,0,0,0,0,0
220.0,12.0,13.0,50.0,3,5000.0,6.8,2024,3,0,0,0,1,0,0,0,0,0,0,0,0,0,0,0,0,0
241.0,12.0,8.0,50.0,3,4800.0,7.93,2024,3,0,0,0,1,0,0,0,0,0,0,0,0,0,0,0,0,0
168.0,8.0,60.0,50.0,2,4500.0,6.7,2024,2,0,0,0,1,0,0,0,0,0,0,0,0,0,0,0,0,0
188.0,8.0,60.0,50.0,2,4500.0,6.78,2024,2,0,0,0,1,0,0,0,0,0,0,0,0,0,0,0,0,0
245.0,12.0,13.0,50.0,3,5000.0,7.92,2024,3,0,0,0,1,0,0,0,0,0,0,0,0,0,0,0,0,0
245.0,12.0,13.0,50.0,3,5000.0,7.92,2024,3,0,0,0,1,0,0,0,0,0,0,0,0,0,0,0,0,0
170.0,8.0,50.0,50.0,2,4600.0,6.7,2024,2,0,0,0,1,0,0,0,0,0,0,0,0,0,0,0,0,0
170.0,8.0,50.0,50.0,2,4600.0,6.7,2024,2,0,0,0,1,0,0,0,0,0,0,0,0,0,0,0,0,0
190.0,8.0,60.0,50.0,2,4600.0,6.78,2024,2,0,0,0,1,0,0,0,0,0,0,0,0,0,0,0,0,0
190.0,8.0,60.0,50.0,2,4600.0,6.78,2024,2,0,0,0,1,0,0,0,0,0,0,0,0,0,0,0,0,0
193.0,4.0,8.0,50.0,1,5000.0,6.56,2023,0,0,0,0,0,0,0,0,1,0,0,0,0,0,0,0,0,0
197.0,4.0,8.0,48.0,1,5050.0,6.52,2021,0,0,0,0,0,0,0,0,1,0,0,0,0,0,0,0,0,0
197.0,4.0,8.0,48.0,1,5050.0,6.52,2021,0,0,0,0,0,0,0,0,1,0,0,0,0,0,0,0,0,0
199.0,3.0,8.0,50.0,1,5000.0,6.52,2023,0,0,0,0,0,0,0,0,1,0,0,0,0,0,0,0,0,0
199.0,4.0,8.0,50.0,1,5000.0,6.52,2023,0,0,0,0,0,0,0,0,1,0,0,0,0,0,0,0,0,0
190.0,4.0,8.0,50.0,1,5050.0,6.5,2022,0,0,0,0,0,0,0,0,1,0,0,0,0,0,0,0,0,0
190.0,6.0,8.0,50.0,1,5050.0,6.5,2022,0,0,0,0,0,0,0,0,1,0,0,0,0,0,0,0,0,0
190.0,2.0,8.0,13.0,1,5000.0,6.5,2023,0,0,0,0,0,0,0,0,1,0,0,0,0,0,0,0,0,0
190.0,3.0,8.0,13.0,1,5000.0,6.5,2023,0,0,0,0,0,0,0,0,1,0,0,0,0,0,0,0,0,0
198.0,6.0,16.0,48.0,1,5000.0,6.58,2022,0,0,0,0,0,0,0,0,1,0,0,0,0,0,0,0,0,0
185.0,12.0,12.0,12.0,1,5000.0,6.5,2022,3,0,0,0,0,0,0,0,0,0,0,0,0,0,1,0,0,0
172.0,8.0,12.0,12.0,1,5000.0,6.1,2022,3,0,0,0,0,0,0,0,0,0,0,0,0,0,1,0,0,0
161.0,6.0,8.0,12.0,1,5000.0,6.0,2022,2,0,0,0,0,0,0,0,0,0,0,0,0,0,1,0,0,0
187.0,12.0,12.0,48.0,1,5000.0,6.5,2023,3,0,0,0,0,0,0,0,0,0,0,0,0,0,1,0,0,0
178.0,8.0,12.0,48.0,1,5000.0,6.1,2023,3,0,0,0,0,0,0,0,0,0,0,0,0,0,1,0,0,0
164.0,6.0,8.0,48.0,1,5000.0,6.1,2023,2,0,0,0,0,0,0,0,0,0,0,0,0,0,1,0,0,0
190.0,12.0,12.0,48.0,1,5000.0,6.5,2024,3,0,0,0,0,0,0,0,0,0,0,0,0,0,1,0,0,0
180.0,8.0,12.0,48.0,1,5000.0,6.1,2024,3,0,0,0,0,0,0,0,0,0,0,0,0,0,1,0,0,0
167.0,6.0,8.0,48.0,1,5000.0,6.1,2024,2,0,0,0,0,0,0,0,0,0,0,0,0,0,1,0,0,0
147.0,4.0,8.0,12.2,1,3000.0,5.6,2019,1,0,1,0,0,0,0,0,0,0,0,0,0,0,0,0,0,0
167.0,4.0,8.0,12.2,1,3700.0,6.0,2019,2,0,1,0,0,0,0,0,0,0,0,0,0,0,0,0,0,0
162.0,6.0,8.0,12.2,1,2800.0,5.7,2019,2,0,1,0,0,0,0,0,0,0,0,0,0,0,0,0,0,0
193.0,6.0,8.0,12.2,1,3700.0,6.3,2019,2,0,1,0,0,0,0,0,0,0,0,0,0,0,0,0,0,0
143.0,6.0,8.0,12.2,1,3140.0,5.8,2020,1,0,1,0,0,0,0,0,0,0,0,0,0,0,0,0,0,0
168.0,6.0,8.0,12.2,1,3885.0,6.2,2020,2,0,1,0,0,0,0,0,0,0,0,0,0,0,0,0,0,0
151.0,8.0,8.0,12.2,1,4080.0,6.0,2020,2,0,1,0,0,0,0,0,0,0,0,0,0,0,0,0,0,0
183.0,6.0,8.0,12.2,1,4680.0,6.34,2021,1,0,1,0,0,0,0,0,0,0,0,0,0,0,0,0,0,0
207.0,8.0,8.0,50.0,1,4614.0,6.4,2021,2,0,1,0,0,0,0,0,0,0,0,0,0,0,0,0,0,0
210.0,12.0,11.1,50.0,1,5003.0,6.71,2021,2,0,1,0,0,0,0,0,0,0,0,0,0,0,0,0,0,0
178.0,6.0,8.0,12.2,1,4410.0,6.1,2022,1,0,1,0,0,0,0,0,0,0,0,0,0,0,0,0,0,0
197.0,8.0,10.8,50.0,1,4355.0,6.3,2022,2,0,1,0,0,0,0,0,0,0,0,0,0,0,0,0,0,0
212.0,12.0,10.8,50.0,1,5000.0,6.7,2022,2,0,1,0,0,0,0,0,0,0,0,0,0,0,0,0,0,0
193.0,8.0,10.8,64.0,1,4385.0,6.1,2023,2,0,1,0,0,0,0,0,0,0,0,0,0,0,0,0,0,0
187.0,8.0,10.5,50.0,1,4575.0,6.2,2023,2,0,1,0,0,0,0,0,0,0,0,0,0,0,0,0,0,0
213.0,12.0,10.5,50.0,1,5050.0,6.7,2023,3,0,1,0,0,0,0,0,0,0,0,0,0,0,0,0,0,0
194.0,8.0,10.5,64.0,1,4385.0,6.1,2024,2,0,1,0,0,0,0,0,0,0,0,0,0,0,0,0,0,0
195.0,8.0,10.8,50.0,1,4600.0,6.3,2024,2,0,1,0,0,0,0,0,0,0,0,0,0,0,0,0,0,0
216.0,12.0,10.8,50.0,1,5050.0,6.7,2024,3,0,1,0,0,0,0,0,0,0,0,0,0,0,0,0,0,0
222.0,16.0,10.8,50.0,1,5250.0,6.8,2024,3,0,1,0,0,0,0,0,0,0,0,0,0,0,0,0,0,0
250.0,16.0,10.8,50.0,1,5500.0,7.6,2024,3,0,1,0,0,0,0,0,0,0,0,0,0,0,0,0,0,0
190.0,4.0,8.0,13.0,1,5000.0,6.6,2024,0,0,0,0,0,0,0,0,0,0,0,0,0,0,0,1,0,0
195.0,3.0,5.0,8.0,1,5000.0,6.52,2024,0,0,0,0,0,0,0,0,0,0,0,0,0,0,0,1,0,0
198.0,8.0,32.0,50.0,1,5200.0,6.8,2024,2,0,0,0,0,0,0,0,0,0,0,0,0,0,0,1,0,0
200.0,6.0,16.0,50.0,1,5000.0,6.6,2024,0,0,0,0,0,0,0,0,0,0,0,0,0,0,0,1,0,0
195.0,6.0,16.0,50.0,1,5000.0,6.6,2024,0,0,0,0,0,0,0,0,0,0,0,0,0,0,0,1,0,0
190.0,3.0,5.0,8.0,1,5000.0,6.52,2024,0,0,0,0,0,0,0,0,0,0,0,0,0,0,0,1,0,0
205.0,8.0,32.0,50.0,1,5200.0,6.8,2024,1,0,0,0,0,0,0,0,0,0,0,0,0,0,0,1,0,0
192.0,4.0,16.0,50.0,1,5000.0,6.6,2024,0,0,0,0,0,0,0,0,0,0,0,0,0,0,0,1,0,0
280.0,12.0,32.0,64.0,1,5500.0,7.85,2024,3,0,0,0,0,0,0,0,0,0,0,0,0,0,0,1,0,0
195.0,8.0,32.0,50.0,1,4300.0,6.9,2024,3,0,0,0,0,0,0,0,0,0,0,0,0,0,0,1,0,0
225.0,8.0,16.0,50.0,1,6000.0,6.8,2024,1,0,0,0,0,0,0,0,0,0,0,0,0,0,0,1,0,0
190.0,4.0,16.0,50.0,1,5000.0,6.6,2024,0,0,0,0,0,0,0,0,0,0,0,0,0,0,0,1,0,0
202.0,12.0,50.0,108.0,1,5200.0,6.9,2024,3,0,0,0,0,0,0,0,0,0,0,0,0,0,0,1,0,0
195.0,4.0,16.0,50.0,1,5000.0,6.6,2024,0,0,0,0,0,0,0,0,0,0,0,0,0,0,0,1,0,0
210.0,8.0,32.0,50.0,1,5200.0,6.8,2024,1,0,0,0,0,0,0,0,0,0,0,0,0,0,0,1,0,0
230.0,8.0,16.0,50.0,1,6000.0,6.8,2024,1,0,0,0,0,0,0,0,0,0,0,0,0,0,0,1,0,0
210.0,12.0,50.0,108.0,1,5200.0,6.9,2024,3,0,0,0,0,0,0,0,0,0,0,0,0,0,0,1,0,0
205.0,12.0,50.0,64.0,1,5200.0,6.8,2024,2,0,0,0,0,0,0,0,0,0,0,0,0,0,0,1,0,0
198.0,8.0,32.0,50.0,1,5000.0,6.7,2024,2,0,0,0,0,0,0,0,0,0,0,0,0,0,0,1,0,0
195.0,6.0,32.0,50.0,1,5000.0,6.7,2024,1,0,0,0,0,0,0,0,0,0,0,0,0,0,0,1,0,0
230.0,12.0,32.0,64.0,1,6000.0,6.9,2024,3,0,0,0,0,0,0,0,0,0,0,0,0,0,0,1,0,0
210.0,8.0,32.0,50.0,1,5200.0,6.8,2024,1,0,0,0,0,0,0,0,0,0,0,0,0,0,0,1,0,0
195.0,6.0,16.0,50.0,1,5000.0,6.6,2024,0,0,0,0,0,0,0,0,0,0,0,0,0,0,0,1,0,0
195.0,3.0,5.0,8.0,1,5000.0,6.52,2024,0,0,0,0,0,0,0,0,0,0,0,0,0,0,0,1,0,0
202.0,12.0,50.0,108.0,1,5200.0,6.9,2024,2,0,0,0,0,0,0,0,0,0,0,0,0,0,0,1,0,0
200.0,8.0,32.0,50.0,1,5000.0,6.7,2024,1,0,0,0,0,0,0,0,0,0,0,0,0,0,0,1,0,0
205.0,12.0,50.0,108.0,1,5200.0,6.8,2024,3,0,0,0,0,0,0,0,0,0,0,0,0,0,0,1,0,0
200.0,8.0,32.0,50.0,1,5000.0,6.7,2024,2,0,0,0,0,0,0,0,0,0,0,0,0,0,0,1,0,0
198.0,6.0,32.0,50.0,1,5000.0,6.7,2024,1,0,0,0,0,0,0,0,0,0,0,0,0,0,0,1,0,0
240.0,8.0,32.0,50.0,1,6000.0,6.9,2024,2,0,0,0,0,0,0,0,0,0,0,0,0,0,0,1,0,0
230.0,8.0,16.0,50.0,1,6000.0,6.8,2024,1,0,0,0,0,0,0,0,0,0,0,0,0,0,0,1,0,0
192.0,6.0,8.0,50.0,1,5000.0,6.78,2024,0,0,0,0,0,1,0,0,0,0,0,0,0,0,0,0,0,0
190.0,4.0,8.0,50.0,1,5000.0,6.6,2024,0,0,0,0,0,1,0,0,0,0,0,0,0,0,0,0,0,0
195.0,8.0,16.0,50.0,1,5200.0,6.78,2024,1,0,0,0,0,1,0,0,0,0,0,0,0,0,0,0,0,0
194.0,8.0,16.0,50.0,1,5000.0,6.8,2024,1,0,0,0,0,1,0,0,0,0,0,0,0,0,0,0,0,0
196.0,12.0,32.0,108.0,1,5300.0,6.9,2024,1,0,0,0,0,1,0,0,0,0,0,0,0,0,0,0,0,0
198.0,12.0,32.0,108.0,1,5500.0,6.9,2024,1,0,0,0,0,1,0,0,0,0,0,0,0,0,0,0,0,0
198.0,8.0,32.0,108.0,1,5200.0,6.8,2024,1,0,0,0,0,1,0,0,0,0,0,0,0,0,0,0,0,0
196.0,8.0,32.0,50.0,1,5000.0,6.78,2024,1,0,0,0,0,1,0,0,0,0,0,0,0,0,0,0,0,0
195.0,8.0,32.0,108.0,1,5200.0,6.8,2024,1,0,0,0,0,1,0,0,0,0,0,0,0,0,0,0,0,0
195.0,12.0,32.0,108.0,1,5300.0,6.8,2024,1,0,0,0,0,1,0,0,0,0,0,0,0,0,0,0,0,0
196.0,12.0,32.0,108.0,1,5500.0,6.9,2024,1,0,0,0,0,1,0,0,0,0,0,0,0,0,0,0,0,0
196.0,8.0,32.0,50.0,1,5000.0,6.78,2023,0,0,0,0,0,1,0,0,0,0,0,0,0,0,0,0,0,0
195.0,4.0,8.0,13.0,1,5000.0,6.6,2023,0,0,0,0,0,1,0,0,0,0,0,0,0,0,0,0,0,0
195.0,8.0,32.0,108.0,1,5000.0,6.78,2023,0,0,0,0,0,1,0,0,0,0,0,0,0,0,0,0,0,0
195.0,12.0,50.0,108.0,1,5000.0,6.78,2024,1,0,0,0,0,1,0,0,0,0,0,0,0,0,0,0,0,0
195.0,12.0,50.0,108.0,1,5000.0,6.78,2024,1,0,0,0,0,1,0,0,0,0,0,0,0,0,0,0,0,0
190.0,8.0,32.0,108.0,1,4500.0,6.7,2024,1,0,0,0,0,1,0,0,0,0,0,0,0,0,0,0,0,0
190.0,8.0,32.0,108.0,1,5000.0,6.78,2024,1,0,0,0,0,1,0,0,0,0,0,0,0,0,0,0,0,0
190.0,12.0,32.0,108.0,1,5000.0,6.78,2024,1,0,0,0,0,1,0,0,0,0,0,0,0,0,0,0,0,0
196.0,8.0,8.0,50.0,1,5000.0,6.78,2023,0,0,0,0,0,1,0,0,0,0,0,0,0,0,0,0,0,0
191.0,4.0,8.0,13.0,1,5000.0,6.6,2023,0,0,0,0,0,1,0,0,0,0,0,0,0,0,0,0,0,0
205.0,4.0,8.0,16.0,1,6000.0,6.82,2023,0,0,0,0,0,1,0,0,0,0,0,0,0,0,0,0,0,0
202.0,8.0,8.0,50.0,1,5000.0,6.78,2023,0,0,0,0,0,1,0,0,0,0,0,0,0,0,0,0,0,0
185.0,8.0,50.0,108.0,1,5000.0,6.78,2023,1,0,0,0,0,1,0,0,0,0,0,0,0,0,0,0,0,0
185.0,12.0,50.0,108.0,1,5000.0,6.78,2023,1,0,0,0,0,1,0,0,0,0,0,0,0,0,0,0,0,0
187.0,8.0,32.0,108.0,1,5000.0,6.67,2023,1,0,0,0,0,1,0,0,0,0,0,0,0,0,0,0,0,0
195.0,6.0,8.0,13.0,1,5000.0,6.82,2022,0,0,0,0,0,1,0,0,0,0,0,0,0,0,0,0,0,0
209.0,4.0,8.0,13.0,1,6000.0,6.82,2022,0,0,0,0,0,1,0,0,0,0,0,0,0,0,0,0,0,0
191.0,8.0,8.0,50.0,1,5000.0,6.6,2022,0,0,0,0,0,1,0,0,0,0,0,0,0,0,0,0,0,0
190.0,4.0,8.0,13.0,1,5000.0,6.6,2022,0,0,0,0,0,1,0,0,0,0,0,0,0,0,0,0,0,0
198.0,6.0,8.0,50.0,1,5000.0,6.82,2022,0,0,0,0,0,1,0,0,0,0,0,0,0,0,0,0,0,0
202.0,8.0,8.0,50.0,1,5000.0,6.78,2022,0,0,0,0,0,1,0,0,0,0,0,0,0,0,0,0,0,0
204.0,6.0,8.0,50.0,1,5000.0,6.6,2022,0,0,0,0,0,1,0,0,0,0,0,0,0,0,0,0,0,0
195.0,4.0,8.0,13.0,1,5000.0,6.6,2022,0,0,0,0,0,1,0,0,0,0,0,0,0,0,0,0,0,0
205.0,4.0,8.0,48.0,1,5000.0,6.82,2021,0,0,0,0,0,1,0,0,0,0,0,0,0,0,0,0,0,0
211.0,6.0,8.0,48.0,1,6000.0,6.82,2021,0,0,0,0,0,1,0,0,0,0,0,0,0,0,0,0,0,0
211.0,6.0,8.0,48.0,1,6000.0,6.82,2021,0,0,0,0,0,1,0,0,0,0,0,0,0,0,0,0,0,0
195.0,3.0,8.0,13.0,1,5000.0,6.6,2020,0,0,0,0,0,1,0,0,0,0,0,0,0,0,0,0,0,0
207.0,4.0,8.0,13.0,1,6000.0,6.82,2021,0,0,0,0,0,1,0,0,0,0,0,0,0,0,0,0,0,0
201.0,4.0,8.0,13.0,1,5200.0,6.6,2021,0,0,0,0,0,1,0,0,0,0,0,0,0,0,0,0,0,0
209.0,4.0,8.0,13.0,1,6000.0,6.82,2021,0,0,0,0,0,1,0,0,0,0,0,0,0,0,0,0,0,0
205.0,6.0,8.0,50.0,1,5000.0,6.78,2021,0,0,0,0,0,1,0,0,0,0,0,0,0,0,0,0,0,0
195.0,2.0,5.0,8.0,1,5000.0,6.1,2020,0,0,0,0,0,1,0,0,0,0,0,0,0,0,0,0,0,0
210.0,6.0,8.0,48.0,1,5200.0,6.78,2020,0,0,0,0,0,1,0,0,0,0,0,0,0,0,0,0,0,0
210.0,6.0,16.0,64.0,1,5200.0,6.95,2020,0,0,0,0,0,1,0,0,0,0,0,0,0,0,0,0,0,0
210.0,8.0,16.0,48.0,1,4500.0,6.85,2020,0,0,0,0,0,1,0,0,0,0,0,0,0,0,0,0,0,0
204.0,4.0,8.0,16.0,1,5200.0,6.78,2020,0,0,0,0,0,1,0,0,0,0,0,0,0,0,0,0,0,0
205.0,8.0,48.0,64.0,1,4500.0,6.85,2020,1,0,0,0,0,1,0,0,0,0,0,0,0,0,0,0,0,0
195.0,3.0,8.0,13.0,1,5000.0,6.6,2020,0,0,0,0,0,1,0,0,0,0,0,0,0,0,0,0,0,0
175.0,4.0,8.0,48.0,1,3750.0,6.5,2020,0,0,0,1,0,0,0,0,0,0,0,0,0,0,0,0,0,0
185.0,8.0,32.0,40.0,1,4000.0,6.53,2020,1,0,0,1,0,0,0,0,0,0,0,0,0,0,0,0,0,0
190.0,8.0,32.0,50.0,1,4000.0,6.57,2020,2,0,0,1,0,0,0,0,0,0,0,0,0,0,0,0,0,0
192.0,12.0,32.0,50.0,1,4000.0,6.57,2020,2,0,0,1,0,0,0,0,0,0,0,0,0,0,0,0,0,0
190.0,6.0,16.0,64.0,1,4000.0,6.5,2020,1,0,0,1,0,0,0,0,0,0,0,0,0,0,0,0,0,0
203.0,6.0,16.0,40.0,1,4300.0,6.63,2020,1,0,0,1,0,0,0,0,0,0,0,0,0,0,0,0,0,0
227.0,8.0,8.0,48.0,1,5000.0,7.09,2020,1,0,0,1,0,0,0,0,0,0,0,0,0,0,0,0,0,0
213.0,6.0,16.0,64.0,1,4300.0,6.81,2020,1,0,0,1,0,0,0,0,0,0,0,0,0,0,0,0,0,0
213.0,8.0,32.0,40.0,1,4200.0,6.57,2020,2,0,0,1,0,0,0,0,0,0,0,0,0,0,0,0,0,0
206.0,4.0,8.0,48.0,1,5000.0,6.67,2020,0,0,0,1,0,0,0,0,0,0,0,0,0,0,0,0,0,0
189.0,8.0,16.0,50.0,1,4000.0,6.72,2021,2,0,0,1,0,0,0,0,0,0,0,0,0,0,0,0,0,0
175.0,8.0,32.0,108.0,1,4300.0,6.57,2021,2,0,0,1,0,0,0,0,0,0,0,0,0,0,0,0,0,0
187.0,8.0,32.0,108.0,1,4000.0,6.72,2021,2,0,0,1,0,0,0,0,0,0,0,0,0,0,0,0,0,0
191.0,8.0,16.0,108.0,1,4000.0,6.78,2021,1,0,0,1,0,0,0,0,0,0,0,0,0,0,0,0,0,0
192.0,6.0,16.0,64.0,1,4300.0,6.67,2021,1,0,0,1,0,0,0,0,0,0,0,0,0,0,0,0,0,0
179.0,6.0,16.0,64.0,1,4000.0,6.6,2021,1,0,0,1,0,0,0,0,0,0,0,0,0,0,0,0,0,0
179.0,8.0,16.0,64.0,1,3800.0,6.53,2021,1,0,0,1,0,0,0,0,0,0,0,0,0,0,0,0,0,0
191.0,6.0,8.0,13.0,1,5000.0,6.5,2021,0,0,0,1,0,0,0,0,0,0,0,0,0,0,0,0,0,0
202.0,8.0,13.0,50.0,1,4600.0,6.76,2021,2,0,0,1,0,0,0,0,0,0,0,0,0,0,0,0,0,0
213.0,8.0,13.0,50.0,1,4600.0,6.76,2021,3,0,0,1,0,0,0,0,0,0,0,0,0,0,0,0,0,0
236.0,12.0,13.0,50.0,1,4600.0,6.76,2021,3,0,0,1,0,0,0,0,0,0,0,0,0,0,0,0,0,0
179.0,8.0,32.0,108.0,1,4800.0,6.67,2021,2,0,0,1,0,0,0,0,0,0,0,0,0,0,0,0,0,0
192.0,8.0,50.0,108.0,1,4800.0,6.78,2021,2,0,0,1,0,0,0,0,0,0,0,0,0,0,0,0,0,0
191.0,8.0,16.0,64.0,1,4300.0,6.67,2021,1,0,0,1,0,0,0,0,0,0,0,0,0,0,0,0,0,0
189.0,6.0,16.0,48.0,1,4800.0,6.81,2021,1,0,0,1,0,0,0,0,0,0,0,0,0,0,0,0,0,0
175.0,6.0,16.0,48.0,1,4000.0,6.7,2021,1,0,0,1,0,0,0,0,0,0,0,0,0,0,0,0,0,0
228.0,8.0,8.0,64.0,1,5000.0,7.09,2021,2,0,0,1,0,0,0,0,0,0,0,0,0,0,0,0,0,0
190.0,6.0,5.0,13.0,1,5000.0,6.52,2022,0,0,0,1,0,0,0,0,0,0,0,0,0,0,0,0,0,0
198.0,6.0,5.0,13.0,1,5000.0,6.74,2022,0,0,0,1,0,0,0,0,0,0,0,0,0,0,0,0,0,0
199.0,8.0,12.0,50.0,1,4800.0,6.81,2022,2,0,0,1,0,0,0,0,0,0,0,0,0,0,0,0,0,0
215.0,8.0,12.0,50.0,1,4600.0,6.81,2022,3,0,0,1,0,0,0,0,0,0,0,0,0,0,0,0,0,0
242.0,12.0,12.0,50.0,1,4600.0,6.81,2022,3,0,0,1,0,0,0,0,0,0,0,0,0,0,0,0,0,0
288.0,12.0,42.0,50.0,1,4750.0,7.9,2022,3,0,0,1,0,0,0,0,0,0,0,0,0,0,0,0,0,0
178.0,8.0,32.0,54.0,1,4800.0,6.67,2022,2,0,0,1,0,0,0,0,0,0,0,0,0,0,0,0,0,0
192.0,8.0,50.0,54.0,1,4500.0,6.78,2022,2,0,0,1,0,0,0,0,0,0,0,0,0,0,0,0,0,0
209.0,12.0,50.0,54.0,1,4500.0,6.78,2022,2,0,0,1,0,0,0,0,0,0,0,0,0,0,0,0,0,0
172.0,6.0,8.0,50.0,1,5100.0,6.67,2022,1,0,0,1,0,0,0,0,0,0,0,0,0,0,0,0,0,0
175.0,6.0,8.0,50.0,1,4000.0,6.7,2022,1,0,0,1,0,0,0,0,0,0,0,0,0,0,0,0,0,0
196.0,4.0,5.0,13.0,1,5200.0,6.74,2023,0,0,0,1,0,0,0,0,0,0,0,0,0,0,0,0,0,0
199.0,6.0,5.0,13.0,1,5200.0,6.74,2023,0,0,0,1,0,0,0,0,0,0,0,0,0,0,0,0,0,0
204.0,8.0,12.0,50.0,1,5100.0,6.81,2023,3,0,0,1,0,0,0,0,0,0,0,0,0,0,0,0,0,0
219.0,12.0,12.0,50.0,1,5100.0,6.81,2023,3,0,0,1,0,0,0,0,0,0,0,0,0,0,0,0,0,0
234.0,16.0,12.0,50.0,1,5450.0,6.81,2023,3,0,0,1,0,0,0,0,0,0,0,0,0,0,0,0,0,0
267.0,12.0,16.0,50.0,1,5000.0,7.9,2023,3,0,0,1,0,0,0,0,0,0,0,0,0,0,0,0,0,0
180.0,8.0,32.0,160.0,1,4800.0,6.67,2022,2,0,0,1,0,0,0,0,0,0,0,0,0,0,0,0,0,0
193.0,12.0,50.0,160.0,1,4800.0,6.78,2022,2,0,0,1,0,0,0,0,0,0,0,0,0,0,0,0,0,0
175.0,8.0,32.0,64.0,1,4600.0,6.67,2022,1,0,0,1,0,0,0,0,0,0,0,0,0,0,0,0,0,0
185.0,6.0,8.0,108.0,1,5800.0,6.78,2023,1,0,0,1,0,0,0,0,0,0,0,0,0,0,0,0,0,0
179.0,6.0,8.0,100.0,1,4500.0,6.7,2023,0,0,0,1,0,0,0,0,0,0,0,0,0,0,0,0,0,0
191.0,4.0,5.0,13.0,1,5000.0,6.52,2023,0,0,0,1,0,0,0,0,0,0,0,0,0,0,0,0,0,0
195.0,6.0,5.0,50.0,1,5200.0,6.74,2023,0,0,0,1,0,0,0,0,0,0,0,0,0,0,0,0,0,0
203.0,8.0,12.0,50.0,1,5200.0,6.81,2024,3,0,0,1,0,0,0,0,0,0,0,0,0,0,0,0,0,0
219.0,12.0,12.0,50.0,1,5500.0,6.81,2024,3,0,0,1,0,0,0,0,0,0,0,0,0,0,0,0,0,0
234.0,16.0,12.0,50.0,1,5550.0,6.81,2024,3,0,0,1,0,0,0,0,0,0,0,0,0,0,0,0,0,0
231.0,12.0,16.0,50.0,1,5000.0,7.92,2024,3,0,0,1,0,0,0,0,0,0,0,0,0,0,0,0,0,0
183.0,12.0,50.0,200.0,1,5000.0,6.7,2023,2,0,0,1,0,0,0,0,0,0,0,0,0,0,0,0,0,0
192.0,12.0,50.0,200.0,1,5000.0,6.78,2023,2,0,0,1,0,0,0,0,0,0,0,0,0,0,0,0,0,0
175.0,8.0,32.0,64.0,1,4600.0,6.67,2023,1,0,0,1,0,0,0,0,0,0,0,0,0,0,0,0,0,0
219.0,6.0,20.0,64.0,1,4700.0,6.67,2020,2,0,0,0,0,0,0,0,0,0,0,1,0,0,0,0,0,0
209.0,4.0,16.0,48.0,1,5000.0,6.67,2020,0,0,0,0,0,0,0,0,0,0,0,1,0,0,0,0,0,0
215.0,6.0,20.0,64.0,1,5160.0,6.67,2020,0,0,0,0,0,0,0,0,0,0,0,1,0,0,0,0,0,0
198.0,4.0,8.0,48.0,1,6000.0,6.53,2020,0,0,0,0,0,0,0,0,0,0,0,1,0,0,0,0,0,0
196.0,6.0,20.0,48.0,1,4520.0,6.67,2021,1,0,0,0,0,0,0,0,0,0,0,1,0,0,0,0,0,0
215.0,6.0,20.0,48.0,1,5160.0,6.67,2021,0,0,0,0,0,0,0,0,0,0,0,1,0,0,0,0,0,0
190.0,4.0,8.0,48.0,1,5000.0,6.5,2021,0,0,0,0,0,0,0,0,0,0,0,1,0,0,0,0,0,0
205.0,6.0,16.0,64.0,1,5065.0,6.67,2021,1,0,0,0,0,0,0,0,0,0,0,1,0,0,0,0,0,0
193.0,6.0,16.0,64.0,1,5000.0,6.6,2021,1,0,0,0,0,0,0,0,0,0,0,1,0,0,0,0,0,0
195.0,4.0,16.0,50.0,1,5000.0,6.6,2021,0,0,0,0,0,0,0,0,0,0,0,1,0,0,0,0,0,0
195.0,6.0,20.0,64.0,1,4500.0,6.67,2022,1,0,0,0,0,0,0,0,0,0,0,1,0,0,0,0,0,0
210.0,8.0,20.0,64.0,1,4700.0,6.67,2022,2,0,0,0,0,0,0,0,0,0,0,1,0,0,0,0,0,0
205.0,6.0,16.0,108.0,1,5000.0,6.67,2022,1,0,0,0,0,0,0,0,0,0,0,1,0,0,0,0,0,0
179.0,6.0,16.0,64.0,1,5000.0,6.43,2022,0,0,0,0,0,0,0,0,0,0,0,1,0,0,0,0,0,0
201.0,4.0,5.0,50.0,1,5000.0,6.58,2022,0,0,0,0,0,0,0,0,0,0,0,1,0,0,0,0,0,0
178.8,4.0,13.0,64.0,1,5000.0,6.43,2022,0,0,0,0,0,0,0,0,0,0,0,1,0,0,0,0,0,0
181.0,6.0,16.0,64.0,1,5000.0,6.67,2023,1,0,0,0,0,0,0,0,0,0,0,1,0,0,0,0,0,0
204.0,8.0,20.0,64.0,1,5160.0,6.67,2023,2,0,0,0,0,0,0,0,0,0,0,1,0,0,0,0,0,0
189.0,6.0,13.0,48.0,1,5000.0,6.67,2023,1,0,0,0,0,0,0,0,0,0,0,1,0,0,0,0,0,0
181.0,6.0,16.0,108.0,1,5000.0,6.67,2023,1,0,0,0,0,0,0,0,0,0,0,1,0,0,0,0,0,0
199.0,4.0,8.0,50.0,1,5000.0,6.58,2023,0,0,0,0,0,0,0,0,0,0,0,1,0,0,0,0,0,0
202.0,6.0,8.0,50.0,1,5000.0,6.79,2023,0,0,0,0,0,0,0,0,0,0,0,1,0,0,0,0,0,0
193.0,6.0,16.0,64.0,1,5000.0,6.67,2024,1,0,0,0,0,0,0,0,0,0,0,1,0,0,0,0,0,0
205.0,8.0,20.0,108.0,1,5000.0,6.67,2024,1,0,0,0,0,0,0,0,0,0,0,1,0,0,0,0,0,0
190.0,6.0,20.0,64.0,1,5000.0,6.67,2024,1,0,0,0,0,0,0,0,0,0,0,1,0,0,0,0,0,0
210.0,8.0,20.0,108.0,1,5160.0,6.67,2024,2,0,0,0,0,0,0,0,0,0,0,1,0,0,0,0,0,0
190.0,4.0,5.0,50.0,1,5000.0,6.5,2024,0,0,0,0,0,0,0,0,0,0,0,1,0,0,0,0,0,0
195.0,6.0,16.0,64.0,1,5000.0,6.67,2025,1,0,0,0,0,0,0,0,0,0,0,1,0,0,0,0,0,0
207.0,8.0,20.0,108.0,1,6000.0,6.67,2025,1,0,0,0,0,0,0,0,0,0,0,1,0,0,0,0,0,0
198.0,6.0,8.0,50.0,1,5110.0,6.67,2024,0,0,0,0,0,0,0,0,0,0,0,1,0,0,0,0,0,0
239.0,12.0,10.0,50.0,1,4400.0,7.6,2024,3,0,0,0,0,0,0,0,0,0,0,0,0,1,0,0,0,0
239.0,12.0,10.0,50.0,1,4400.0,7.6,2024,3,0,0,0,0,0,0,0,0,0,0,0,0,1,0,0,0,0
239.0,12.0,10.0,50.0,1,4400.0,7.6,2024,3,0,0,0,0,0,0,0,0,0,0,0,0,1,0,0,0,0
